timestamp,frame_index,location,pedestrian_count,occupancy_ratio,mean_speed,risk_score,condition,alert
2026-08-13T08:27:49,0,CAM_01 / FULL_FRAME,8.0,0.094,32.296,39.38,NORMAL,NO
2026-08-13T08:27:49,1,CAM_01 / FULL_FRAME,8.0,0.098,25.355,37.32,NORMAL,NO
2026-08-13T08:27:49,2,CAM_01 / FULL_FRAME,8.0,0.101,41.522,38.88,NORMAL,NO
2026-08-13T08:27:49,3,CAM_01 / FULL_FRAME,7.0,0.101,54.291,36.21,NORMAL,NO
2026-08-13T08:27:49,4,CAM_01 / FULL_FRAME,9.0,0.11,60.609,41.04,NORMAL,NO
2026-08-13T08:27:49,5,CAM_01 / FULL_FRAME,9.0,0.11,42.046,39.99,NORMAL,NO
2026-08-13T08:27:49,6,CAM_01 / FULL_FRAME,10.0,0.112,19.179,46.92,CONGESTION_WARNING,NO
2026-08-13T08:27:49,7,CAM_01 / FULL_FRAME,10.0,0.111,26.506,42.09,NORMAL,NO
2026-08-13T08:27:49,8,CAM_01 / FULL_FRAME,10.0,0.109,44.652,40.31,NORMAL,NO
2026-08-13T08:27:49,9,CAM_01 / FULL_FRAME,9.0,0.102,36.47,36.95,NORMAL,NO
2026-08-13T08:27:49,10,CAM_01 / FULL_FRAME,9.0,0.101,58.215,39.18,NORMAL,NO
2026-08-13T08:27:49,11,CAM_01 / FULL_FRAME,9.0,0.097,69.792,38.74,NORMAL,NO
2026-08-13T08:27:49,12,CAM_01 / FULL_FRAME,10.0,0.097,43.172,40.37,NORMAL,NO
2026-08-13T08:27:49,13,CAM_01 / FULL_FRAME,10.0,0.095,22.828,46.65,CONGESTION_WARNING,NO
2026-08-13T08:27:49,14,CAM_01 / FULL_FRAME,9.0,0.088,33.089,38.5,NORMAL,NO
2026-08-13T08:27:49,15,CAM_01 / FULL_FRAME,9.0,0.086,27.826,38.33,NORMAL,NO
2026-08-13T08:27:49,16,CAM_01 / FULL_FRAME,9.0,0.084,24.973,39.5,NORMAL,NO
2026-08-13T08:27:49,17,CAM_01 / FULL_FRAME,10.0,0.088,62.802,38.57,NORMAL,NO
2026-08-13T08:27:49,18,CAM_01 / FULL_FRAME,10.0,0.08,72.194,39.75,NORMAL,NO
2026-08-13T08:27:49,19,CAM_01 / FULL_FRAME,10.0,0.077,38.534,40.8,NORMAL,NO
2026-08-13T08:27:49,20,CAM_01 / FULL_FRAME,10.0,0.077,33.057,43.84,NORMAL,NO
2026-08-13T08:27:49,21,CAM_01 / FULL_FRAME,9.0,0.035,14.986,41.67,NORMAL,NO
2026-08-13T08:27:50,22,CAM_01 / FULL_FRAME,9.0,0.035,15.04,40.04,NORMAL,NO
2026-08-13T08:27:50,23,CAM_01 / FULL_FRAME,9.0,0.035,15.475,41.64,NORMAL,NO
2026-08-13T08:27:50,24,CAM_01 / FULL_FRAME,9.0,0.034,15.689,44.86,NORMAL,NO
2026-08-13T08:27:50,25,CAM_01 / FULL_FRAME,9.0,0.033,19.839,41.97,NORMAL,NO
2026-08-13T08:27:50,26,CAM_01 / FULL_FRAME,9.0,0.035,31.633,36.96,NORMAL,NO
2026-08-13T08:27:50,27,CAM_01 / FULL_FRAME,8.0,0.031,22.095,35.88,NORMAL,NO
2026-08-13T08:27:50,28,CAM_01 / FULL_FRAME,8.0,0.031,18.452,36.48,NORMAL,NO
2026-08-13T08:27:50,29,CAM_01 / FULL_FRAME,8.0,0.031,26.38,33.55,NORMAL,NO
2026-08-13T08:27:50,30,CAM_01 / FULL_FRAME,9.0,0.036,25.413,39.21,NORMAL,NO
2026-08-13T08:27:50,31,CAM_01 / FULL_FRAME,9.0,0.036,14.98,41.28,NORMAL,NO
2026-08-13T08:27:50,32,CAM_01 / FULL_FRAME,9.0,0.036,19.918,40.16,NORMAL,NO
2026-08-13T08:27:50,33,CAM_01 / FULL_FRAME,8.0,0.032,15.079,39.21,NORMAL,NO
2026-08-13T08:27:50,34,CAM_01 / FULL_FRAME,8.0,0.032,37.502,37.6,NORMAL,NO
2026-08-13T08:27:50,35,CAM_01 / FULL_FRAME,7.0,0.032,46.193,33.36,NORMAL,NO
2026-08-13T08:27:50,36,CAM_01 / FULL_FRAME,8.0,0.037,14.749,39.15,NORMAL,NO
2026-08-13T08:27:50,37,CAM_01 / FULL_FRAME,8.0,0.038,16.491,41.07,NORMAL,NO
2026-08-13T08:27:50,38,CAM_01 / FULL_FRAME,9.0,0.039,29.88,39.45,NORMAL,NO
2026-08-13T08:27:50,39,CAM_01 / FULL_FRAME,9.0,0.038,19.231,41.05,NORMAL,NO
2026-08-13T08:27:50,40,CAM_01 / FULL_FRAME,10.0,0.045,16.474,47.97,CONGESTION_WARNING,NO
2026-08-13T08:27:50,41,CAM_01 / FULL_FRAME,10.0,0.045,19.099,45.12,CONGESTION_WARNING,NO
2026-08-13T08:27:50,42,CAM_01 / FULL_FRAME,10.0,0.045,13.856,44.07,NORMAL,NO
2026-08-13T08:27:50,43,CAM_01 / FULL_FRAME,10.0,0.045,19.909,44.1,NORMAL,NO
2026-08-13T08:27:50,44,CAM_01 / FULL_FRAME,10.0,0.045,31.719,36.36,NORMAL,NO
2026-08-13T08:27:50,45,CAM_01 / FULL_FRAME,10.0,0.046,25.563,38.61,NORMAL,NO
2026-08-13T08:27:50,46,CAM_01 / FULL_FRAME,10.0,0.047,13.273,44.45,NORMAL,NO
2026-08-13T08:27:50,47,CAM_01 / FULL_FRAME,9.0,0.04,33.443,39.35,NORMAL,NO
2026-08-13T08:27:50,48,CAM_01 / FULL_FRAME,10.0,0.046,35.31,41.77,NORMAL,NO
2026-08-13T08:27:50,49,CAM_01 / FULL_FRAME,10.0,0.046,27.51,43.45,NORMAL,NO
2026-08-13T08:27:50,50,CAM_01 / FULL_FRAME,10.0,0.047,35.241,39.94,NORMAL,NO
2026-08-13T08:27:50,51,CAM_01 / FULL_FRAME,10.0,0.048,22.012,42.98,NORMAL,NO
2026-08-13T08:27:51,52,CAM_01 / FULL_FRAME,10.0,0.048,18.543,44.1,NORMAL,NO
2026-08-13T08:27:51,53,CAM_01 / FULL_FRAME,8.0,0.042,31.527,32.17,NORMAL,NO
2026-08-13T08:27:51,54,CAM_01 / FULL_FRAME,8.0,0.043,21.046,38.39,NORMAL,NO
2026-08-13T08:27:51,55,CAM_01 / FULL_FRAME,8.0,0.043,14.165,39.33,NORMAL,NO
2026-08-13T08:27:51,56,CAM_01 / FULL_FRAME,7.0,0.042,14.036,37.95,NORMAL,NO
2026-08-13T08:27:51,57,CAM_01 / FULL_FRAME,8.0,0.049,21.843,38.56,NORMAL,NO
2026-08-13T08:27:51,58,CAM_01 / FULL_FRAME,7.0,0.039,25.012,35.4,NORMAL,NO
2026-08-13T08:27:51,59,CAM_01 / FULL_FRAME,7.0,0.039,24.886,34.33,NORMAL,NO
2026-08-13T08:27:51,60,CAM_01 / FULL_FRAME,7.0,0.04,29.533,34.3,NORMAL,NO
2026-08-13T08:27:51,61,CAM_01 / FULL_FRAME,7.0,0.04,9.979,40.97,NORMAL,NO
2026-08-13T08:27:51,62,CAM_01 / FULL_FRAME,7.0,0.04,15.026,38.89,NORMAL,NO
2026-08-13T08:27:51,63,CAM_01 / FULL_FRAME,8.0,0.044,26.187,43.98,NORMAL,NO
2026-08-13T08:27:51,64,CAM_01 / FULL_FRAME,8.0,0.044,19.585,47.84,CONGESTION_WARNING,NO
2026-08-13T08:27:51,65,CAM_01 / FULL_FRAME,8.0,0.044,31.114,39.24,NORMAL,NO
2026-08-13T08:27:51,66,CAM_01 / FULL_FRAME,8.0,0.045,38.203,37.72,NORMAL,NO
2026-08-13T08:27:51,67,CAM_01 / FULL_FRAME,8.0,0.044,15.805,40.12,NORMAL,NO
2026-08-13T08:27:51,68,CAM_01 / FULL_FRAME,8.0,0.045,28.525,37.31,NORMAL,NO
2026-08-13T08:27:51,69,CAM_01 / FULL_FRAME,8.0,0.046,37.964,38.23,NORMAL,NO
2026-08-13T08:27:51,70,CAM_01 / FULL_FRAME,9.0,0.052,34.274,39.13,NORMAL,NO
2026-08-13T08:27:51,71,CAM_01 / FULL_FRAME,10.0,0.055,24.064,46.36,CONGESTION_WARNING,NO
2026-08-13T08:27:51,72,CAM_01 / FULL_FRAME,10.0,0.055,25.052,47.59,CONGESTION_WARNING,NO
2026-08-13T08:27:51,73,CAM_01 / FULL_FRAME,10.0,0.055,9.186,48.38,CONGESTION_WARNING,NO
2026-08-13T08:27:51,74,CAM_01 / FULL_FRAME,10.0,0.055,19.307,46.41,CONGESTION_WARNING,NO
2026-08-13T08:27:51,75,CAM_01 / FULL_FRAME,10.0,0.054,33.194,44.25,NORMAL,NO
2026-08-13T08:27:51,76,CAM_01 / FULL_FRAME,10.0,0.052,24.497,45.37,CONGESTION_WARNING,NO
2026-08-13T08:27:51,77,CAM_01 / FULL_FRAME,10.0,0.051,26.016,46.81,CONGESTION_WARNING,NO
2026-08-13T08:27:51,78,CAM_01 / FULL_FRAME,10.0,0.05,35.511,44.11,NORMAL,NO
2026-08-13T08:27:51,79,CAM_01 / FULL_FRAME,10.0,0.051,21.891,46.4,CONGESTION_WARNING,NO
2026-08-13T08:27:51,80,CAM_01 / FULL_FRAME,10.0,0.052,27.057,42.58,NORMAL,NO
2026-08-13T08:27:51,81,CAM_01 / FULL_FRAME,10.0,0.053,32.711,41.35,NORMAL,NO
2026-08-13T08:27:52,82,CAM_01 / FULL_FRAME,10.0,0.054,12.922,46.11,CONGESTION_WARNING,NO
2026-08-13T08:27:52,83,CAM_01 / FULL_FRAME,10.0,0.054,20.592,43.83,NORMAL,NO
2026-08-13T08:27:52,84,CAM_01 / FULL_FRAME,9.0,0.05,30.579,40.25,NORMAL,NO
2026-08-13T08:27:52,85,CAM_01 / FULL_FRAME,9.0,0.051,15.78,41.58,NORMAL,NO
2026-08-13T08:27:52,86,CAM_01 / FULL_FRAME,9.0,0.052,19.808,40.59,NORMAL,NO
2026-08-13T08:27:52,87,CAM_01 / FULL_FRAME,9.0,0.052,23.261,39.18,NORMAL,NO
2026-08-13T08:27:52,88,CAM_01 / FULL_FRAME,9.0,0.053,8.611,44.72,NORMAL,NO
2026-08-13T08:27:52,89,CAM_01 / FULL_FRAME,9.0,0.053,22.706,40.99,NORMAL,NO
2026-08-13T08:27:52,90,CAM_01 / FULL_FRAME,9.0,0.053,43.996,37.03,NORMAL,NO
2026-08-13T08:27:52,91,CAM_01 / FULL_FRAME,9.0,0.052,32.371,36.07,NORMAL,NO
2026-08-13T08:27:52,92,CAM_01 / FULL_FRAME,9.0,0.079,26.887,43.02,NORMAL,NO
2026-08-13T08:27:52,93,CAM_01 / FULL_FRAME,8.0,0.079,29.147,41.83,NORMAL,NO
2026-08-13T08:27:52,94,CAM_01 / FULL_FRAME,8.0,0.079,15.027,42.14,NORMAL,NO
2026-08-13T08:27:52,95,CAM_01 / FULL_FRAME,8.0,0.079,35.465,38.72,NORMAL,NO
2026-08-13T08:27:52,96,CAM_01 / FULL_FRAME,9.0,0.082,77.287,37.7,NORMAL,NO
2026-08-13T08:27:52,97,CAM_01 / FULL_FRAME,8.0,0.074,56.393,39.29,NORMAL,NO
2026-08-13T08:27:52,98,CAM_01 / FULL_FRAME,9.0,0.076,21.526,44.44,NORMAL,NO
2026-08-13T08:27:52,99,CAM_01 / FULL_FRAME,8.0,0.075,28.776,42.03,NORMAL,NO
2026-08-13T08:27:52,100,CAM_01 / FULL_FRAME,8.0,0.076,13.183,42.83,NORMAL,NO
2026-08-13T08:27:52,101,CAM_01 / FULL_FRAME,8.0,0.077,32.362,40.3,NORMAL,NO
2026-08-13T08:27:52,102,CAM_01 / FULL_FRAME,8.0,0.077,47.515,38.51,NORMAL,NO
2026-08-13T08:27:52,103,CAM_01 / FULL_FRAME,8.0,0.079,28.114,45.65,CONGESTION_WARNING,NO
2026-08-13T08:27:52,104,CAM_01 / FULL_FRAME,8.0,0.079,28.564,44.31,NORMAL,NO
2026-08-13T08:27:52,105,CAM_01 / FULL_FRAME,8.0,0.079,31.899,43.63,NORMAL,NO
2026-08-13T08:27:52,106,CAM_01 / FULL_FRAME,8.0,0.079,11.907,43.81,NORMAL,NO
2026-08-13T08:27:52,107,CAM_01 / FULL_FRAME,8.0,0.08,33.952,34.63,NORMAL,NO
2026-08-13T08:27:52,108,CAM_01 / FULL_FRAME,9.0,0.084,78.847,38.29,NORMAL,NO
2026-08-13T08:27:52,109,CAM_01 / FULL_FRAME,8.0,0.083,76.468,38.35,NORMAL,NO
2026-08-13T08:27:52,110,CAM_01 / FULL_FRAME,8.0,0.084,56.608,35.51,NORMAL,NO
2026-08-13T08:27:52,111,CAM_01 / FULL_FRAME,7.0,0.085,55.066,33.75,NORMAL,NO
2026-08-13T08:27:53,112,CAM_01 / FULL_FRAME,7.0,0.087,21.769,43.19,NORMAL,NO
2026-08-13T08:27:53,113,CAM_01 / FULL_FRAME,7.0,0.088,27.447,35.66,NORMAL,NO
2026-08-13T08:27:53,114,CAM_01 / FULL_FRAME,7.0,0.088,49.097,36.85,NORMAL,NO
2026-08-13T08:27:53,115,CAM_01 / FULL_FRAME,7.0,0.086,59.166,36.32,NORMAL,NO
2026-08-13T08:27:53,116,CAM_01 / FULL_FRAME,7.0,0.085,45.061,37.52,NORMAL,NO
2026-08-13T08:27:53,117,CAM_01 / FULL_FRAME,7.0,0.084,42.857,37.74,NORMAL,NO
2026-08-13T08:27:53,118,CAM_01 / FULL_FRAME,7.0,0.084,19.14,40.3,NORMAL,NO
2026-08-13T08:27:53,119,CAM_01 / FULL_FRAME,7.0,0.084,42.389,33.16,NORMAL,NO
2026-08-13T08:27:53,120,CAM_01 / FULL_FRAME,8.0,0.088,84.452,36.53,NORMAL,NO
2026-08-13T08:27:53,121,CAM_01 / FULL_FRAME,8.0,0.09,69.089,37.05,NORMAL,NO
2026-08-13T08:27:53,122,CAM_01 / FULL_FRAME,8.0,0.091,29.592,41.37,NORMAL,NO
2026-08-13T08:27:53,123,CAM_01 / FULL_FRAME,8.0,0.088,27.388,44.05,NORMAL,NO
2026-08-13T08:27:53,124,CAM_01 / FULL_FRAME,8.0,0.087,10.463,44.56,NORMAL,NO
2026-08-13T08:27:53,125,CAM_01 / FULL_FRAME,8.0,0.086,40.182,37.93,NORMAL,NO
2026-08-13T08:27:53,126,CAM_01 / FULL_FRAME,7.0,0.087,86.462,37.85,NORMAL,NO
2026-08-13T08:27:53,127,CAM_01 / FULL_FRAME,7.0,0.089,64.178,36.84,NORMAL,NO
2026-08-13T08:27:53,128,CAM_01 / FULL_FRAME,8.0,0.094,45.933,38.84,NORMAL,NO
2026-08-13T08:27:53,129,CAM_01 / FULL_FRAME,9.0,0.099,45.885,41.59,NORMAL,NO
2026-08-13T08:27:53,130,CAM_01 / FULL_FRAME,9.0,0.099,18.703,46.43,CONGESTION_WARNING,NO
2026-08-13T08:27:53,131,CAM_01 / FULL_FRAME,9.0,0.099,21.099,44.21,NORMAL,NO
2026-08-13T08:27:53,132,CAM_01 / FULL_FRAME,8.0,0.091,39.069,38.79,NORMAL,NO
2026-08-13T08:27:53,133,CAM_01 / FULL_FRAME,8.0,0.09,36.545,35.97,NORMAL,NO
2026-08-13T08:27:53,134,CAM_01 / FULL_FRAME,8.0,0.089,45.798,38.7,NORMAL,NO
2026-08-13T08:27:53,135,CAM_01 / FULL_FRAME,8.0,0.085,61.548,37.12,NORMAL,NO
2026-08-13T08:27:53,136,CAM_01 / FULL_FRAME,8.0,0.084,22.015,41.27,NORMAL,NO
2026-08-13T08:27:53,137,CAM_01 / FULL_FRAME,8.0,0.083,51.103,37.19,NORMAL,NO
2026-08-13T08:27:53,138,CAM_01 / FULL_FRAME,8.0,0.085,75.396,38.56,NORMAL,NO
2026-08-13T08:27:53,139,CAM_01 / FULL_FRAME,9.0,0.104,45.957,41.31,NORMAL,NO
2026-08-13T08:27:53,140,CAM_01 / FULL_FRAME,10.0,0.108,70.133,43.82,NORMAL,NO
2026-08-13T08:27:53,141,CAM_01 / FULL_FRAME,9.0,0.109,87.499,40.52,NORMAL,NO
2026-08-13T08:27:54,142,CAM_01 / FULL_FRAME,9.0,0.111,28.751,46.21,CONGESTION_WARNING,NO
2026-08-13T08:27:54,143,CAM_01 / FULL_FRAME,9.0,0.112,47.289,40.89,NORMAL,NO
2026-08-13T08:27:54,144,CAM_01 / FULL_FRAME,9.0,0.113,72.462,40.92,NORMAL,NO
2026-08-13T08:27:54,145,CAM_01 / FULL_FRAME,9.0,0.116,58.672,40.38,NORMAL,NO
2026-08-13T08:27:54,146,CAM_01 / FULL_FRAME,9.0,0.118,41.127,40.75,NORMAL,NO
2026-08-13T08:27:54,147,CAM_01 / FULL_FRAME,8.0,0.117,42.049,38.61,NORMAL,NO
2026-08-13T08:27:54,148,CAM_01 / FULL_FRAME,8.0,0.119,17.625,41.93,NORMAL,NO
2026-08-13T08:27:54,149,CAM_01 / FULL_FRAME,8.0,0.12,28.502,46.44,CONGESTION_WARNING,NO
2026-08-13T08:27:54,150,CAM_01 / FULL_FRAME,8.0,0.122,49.934,39.21,NORMAL,NO
2026-08-13T08:27:54,151,CAM_01 / FULL_FRAME,9.0,0.128,39.856,41.52,NORMAL,NO
2026-08-13T08:27:54,152,CAM_01 / FULL_FRAME,9.0,0.128,20.356,50.46,CONGESTION_WARNING,NO
2026-08-13T08:27:54,153,CAM_01 / FULL_FRAME,9.0,0.129,23.91,46.61,CONGESTION_WARNING,NO
2026-08-13T08:27:54,154,CAM_01 / FULL_FRAME,9.0,0.13,7.693,49.51,CONGESTION_WARNING,NO
2026-08-13T08:27:54,155,CAM_01 / FULL_FRAME,9.0,0.13,25.219,46.93,CONGESTION_WARNING,NO
2026-08-13T08:27:54,156,CAM_01 / FULL_FRAME,9.0,0.132,52.583,42.4,NORMAL,NO
2026-08-13T08:27:54,157,CAM_01 / FULL_FRAME,9.0,0.135,44.028,42.15,NORMAL,NO
2026-08-13T08:27:54,158,CAM_01 / FULL_FRAME,9.0,0.137,57.595,42.37,NORMAL,NO
2026-08-13T08:27:54,159,CAM_01 / FULL_FRAME,8.0,0.142,72.963,41.99,NORMAL,NO
2026-08-13T08:27:54,160,CAM_01 / FULL_FRAME,9.0,0.147,24.823,49.03,CONGESTION_WARNING,NO
2026-08-13T08:27:54,161,CAM_01 / FULL_FRAME,9.0,0.149,51.9,43.0,NORMAL,NO
2026-08-13T08:27:54,162,CAM_01 / FULL_FRAME,9.0,0.139,92.337,41.42,NORMAL,NO
2026-08-13T08:27:54,163,CAM_01 / FULL_FRAME,8.0,0.133,62.56,39.66,NORMAL,NO
2026-08-13T08:27:54,164,CAM_01 / FULL_FRAME,8.0,0.132,40.294,38.91,NORMAL,NO
2026-08-13T08:27:54,165,CAM_01 / FULL_FRAME,9.0,0.135,37.111,43.45,NORMAL,NO
2026-08-13T08:27:54,166,CAM_01 / FULL_FRAME,9.0,0.134,16.06,43.9,NORMAL,NO
2026-08-13T08:27:54,167,CAM_01 / FULL_FRAME,9.0,0.134,27.634,40.2,NORMAL,NO
2026-08-13T08:27:54,168,CAM_01 / FULL_FRAME,9.0,0.132,46.477,39.51,NORMAL,NO
2026-08-13T08:27:54,169,CAM_01 / FULL_FRAME,9.0,0.129,31.766,37.38,NORMAL,NO
2026-08-13T08:27:54,170,CAM_01 / FULL_FRAME,9.0,0.129,45.248,40.59,NORMAL,NO
2026-08-13T08:27:54,171,CAM_01 / FULL_FRAME,9.0,0.133,55.946,40.3,NORMAL,NO
2026-08-13T08:27:55,172,CAM_01 / FULL_FRAME,9.0,0.135,23.615,47.8,CONGESTION_WARNING,NO
2026-08-13T08:27:55,173,CAM_01 / FULL_FRAME,9.0,0.138,40.442,41.28,NORMAL,NO
2026-08-13T08:27:55,174,CAM_01 / FULL_FRAME,9.0,0.141,75.527,42.68,NORMAL,NO
2026-08-13T08:27:55,175,CAM_01 / FULL_FRAME,9.0,0.14,72.971,42.07,NORMAL,NO
2026-08-13T08:27:55,176,CAM_01 / FULL_FRAME,9.0,0.141,51.68,38.63,NORMAL,NO
2026-08-13T08:27:55,177,CAM_01 / FULL_FRAME,9.0,0.141,66.978,41.25,NORMAL,NO
2026-08-13T08:27:55,178,CAM_01 / FULL_FRAME,9.0,0.14,35.374,43.26,NORMAL,NO
2026-08-13T08:27:55,179,CAM_01 / FULL_FRAME,9.0,0.14,35.703,35.59,NORMAL,NO
2026-08-13T08:27:55,180,CAM_01 / FULL_FRAME,9.0,0.142,58.187,40.99,NORMAL,NO
2026-08-13T08:27:55,181,CAM_01 / FULL_FRAME,9.0,0.142,32.072,38.75,NORMAL,NO
2026-08-13T08:27:55,182,CAM_01 / FULL_FRAME,9.0,0.143,36.302,43.26,NORMAL,NO
2026-08-13T08:27:55,183,CAM_01 / FULL_FRAME,9.0,0.141,37.78,42.74,NORMAL,NO
2026-08-13T08:27:55,184,CAM_01 / FULL_FRAME,9.0,0.142,17.312,44.08,NORMAL,NO
2026-08-13T08:27:55,185,CAM_01 / FULL_FRAME,9.0,0.143,40.884,40.53,NORMAL,NO
2026-08-13T08:27:55,186,CAM_01 / FULL_FRAME,9.0,0.148,72.555,39.66,NORMAL,NO
2026-08-13T08:27:55,187,CAM_01 / FULL_FRAME,9.0,0.149,47.353,40.18,NORMAL,NO
2026-08-13T08:27:55,188,CAM_01 / FULL_FRAME,9.0,0.15,40.342,41.47,NORMAL,NO
2026-08-13T08:27:55,189,CAM_01 / FULL_FRAME,10.0,0.15,55.638,44.28,NORMAL,NO
2026-08-13T08:27:55,190,CAM_01 / FULL_FRAME,10.0,0.148,21.35,51.81,CONGESTION_WARNING,NO
2026-08-13T08:27:55,191,CAM_01 / FULL_FRAME,10.0,0.148,27.589,43.79,NORMAL,NO
2026-08-13T08:27:55,192,CAM_01 / FULL_FRAME,9.0,0.139,45.499,33.94,NORMAL,NO
2026-08-13T08:27:55,193,CAM_01 / FULL_FRAME,9.0,0.137,34.842,34.5,NORMAL,NO
2026-08-13T08:27:55,194,CAM_01 / FULL_FRAME,9.0,0.136,25.438,38.76,NORMAL,NO
2026-08-13T08:27:55,195,CAM_01 / FULL_FRAME,9.0,0.135,30.902,39.8,NORMAL,NO
2026-08-13T08:27:55,196,CAM_01 / FULL_FRAME,9.0,0.135,12.205,45.16,CONGESTION_WARNING,NO
2026-08-13T08:27:55,197,CAM_01 / FULL_FRAME,9.0,0.135,25.131,38.17,NORMAL,NO
2026-08-13T08:27:55,198,CAM_01 / FULL_FRAME,9.0,0.135,44.021,32.88,NORMAL,NO
2026-08-13T08:27:55,199,CAM_01 / FULL_FRAME,9.0,0.135,37.15,38.11,NORMAL,NO
2026-08-13T08:27:55,200,CAM_01 / FULL_FRAME,9.0,0.136,37.171,39.61,NORMAL,NO
2026-08-13T08:27:55,201,CAM_01 / FULL_FRAME,9.0,0.134,40.212,40.64,NORMAL,NO
2026-08-13T08:27:56,202,CAM_01 / FULL_FRAME,9.0,0.134,14.715,45.83,CONGESTION_WARNING,NO
2026-08-13T08:27:56,203,CAM_01 / FULL_FRAME,9.0,0.134,55.028,40.99,NORMAL,NO
2026-08-13T08:27:56,204,CAM_01 / FULL_FRAME,10.0,0.135,118.984,43.54,NORMAL,NO
2026-08-13T08:27:56,205,CAM_01 / FULL_FRAME,10.0,0.128,102.171,42.3,NORMAL,NO
2026-08-13T08:27:56,206,CAM_01 / FULL_FRAME,10.0,0.125,50.724,41.06,NORMAL,NO
2026-08-13T08:27:56,207,CAM_01 / FULL_FRAME,9.0,0.12,43.099,40.0,NORMAL,NO
2026-08-13T08:27:56,208,CAM_01 / FULL_FRAME,10.0,0.177,13.634,49.33,CONGESTION_WARNING,NO
2026-08-13T08:27:56,209,CAM_01 / FULL_FRAME,10.0,0.176,42.165,43.83,NORMAL,NO
2026-08-13T08:27:56,210,CAM_01 / FULL_FRAME,9.0,0.118,66.211,40.58,NORMAL,NO
2026-08-13T08:27:56,211,CAM_01 / FULL_FRAME,8.0,0.124,41.589,29.43,NORMAL,NO
2026-08-13T08:27:56,212,CAM_01 / FULL_FRAME,9.0,0.168,28.476,43.89,NORMAL,NO
2026-08-13T08:27:56,213,CAM_01 / FULL_FRAME,8.0,0.11,34.54,41.99,NORMAL,NO
2026-08-13T08:27:56,214,CAM_01 / FULL_FRAME,8.0,0.11,13.631,44.05,NORMAL,NO
2026-08-13T08:27:56,215,CAM_01 / FULL_FRAME,8.0,0.111,31.258,38.62,NORMAL,NO
2026-08-13T08:27:56,216,CAM_01 / FULL_FRAME,9.0,0.171,46.136,36.19,NORMAL,NO
2026-08-13T08:27:56,217,CAM_01 / FULL_FRAME,9.0,0.126,42.857,35.23,NORMAL,NO
2026-08-13T08:27:56,218,CAM_01 / FULL_FRAME,10.0,0.128,31.012,39.61,NORMAL,NO
2026-08-13T08:27:56,219,CAM_01 / FULL_FRAME,10.0,0.126,31.625,39.37,NORMAL,NO
2026-08-13T08:27:56,220,CAM_01 / FULL_FRAME,10.0,0.125,13.146,46.9,CONGESTION_WARNING,NO
2026-08-13T08:27:56,221,CAM_01 / FULL_FRAME,10.0,0.125,25.373,42.39,NORMAL,NO
2026-08-13T08:27:56,222,CAM_01 / FULL_FRAME,10.0,0.126,44.876,43.16,NORMAL,NO
2026-08-13T08:27:56,223,CAM_01 / FULL_FRAME,10.0,0.129,35.194,46.24,CONGESTION_WARNING,NO
2026-08-13T08:27:56,224,CAM_01 / FULL_FRAME,10.0,0.13,32.291,38.41,NORMAL,NO
2026-08-13T08:27:56,225,CAM_01 / FULL_FRAME,10.0,0.118,37.785,37.78,NORMAL,NO
2026-08-13T08:27:56,226,CAM_01 / FULL_FRAME,10.0,0.117,17.973,45.65,CONGESTION_WARNING,NO
2026-08-13T08:27:56,227,CAM_01 / FULL_FRAME,10.0,0.117,42.596,42.05,NORMAL,NO
2026-08-13T08:27:56,228,CAM_01 / FULL_FRAME,10.0,0.117,59.764,42.9,NORMAL,NO
2026-08-13T08:27:56,229,CAM_01 / FULL_FRAME,10.0,0.114,40.187,35.71,NORMAL,NO
2026-08-13T08:27:56,230,CAM_01 / FULL_FRAME,10.0,0.114,34.844,44.13,NORMAL,NO
2026-08-13T08:27:56,231,CAM_01 / FULL_FRAME,9.0,0.094,39.586,40.24,NORMAL,NO
2026-08-13T08:27:57,232,CAM_01 / FULL_FRAME,9.0,0.095,14.198,47.2,CONGESTION_WARNING,NO
2026-08-13T08:27:57,233,CAM_01 / FULL_FRAME,9.0,0.096,20.007,40.0,NORMAL,NO
2026-08-13T08:27:57,234,CAM_01 / FULL_FRAME,9.0,0.093,31.4,34.33,NORMAL,NO
2026-08-13T08:27:57,235,CAM_01 / FULL_FRAME,9.0,0.092,24.391,37.84,NORMAL,NO
2026-08-13T08:27:57,236,CAM_01 / FULL_FRAME,9.0,0.091,43.036,41.32,NORMAL,NO
2026-08-13T08:27:57,237,CAM_01 / FULL_FRAME,9.0,0.087,52.42,41.46,NORMAL,NO
2026-08-13T08:27:57,238,CAM_01 / FULL_FRAME,9.0,0.085,19.347,51.85,CONGESTION_WARNING,NO
2026-08-13T08:27:57,239,CAM_01 / FULL_FRAME,9.0,0.084,23.565,41.2,NORMAL,NO
2026-08-13T08:27:57,240,CAM_01 / FULL_FRAME,8.0,0.084,39.683,38.4,NORMAL,NO
2026-08-13T08:27:57,241,CAM_01 / FULL_FRAME,8.0,0.086,29.094,41.98,NORMAL,NO
2026-08-13T08:27:57,242,CAM_01 / FULL_FRAME,8.0,0.086,26.242,38.78,NORMAL,NO
2026-08-13T08:27:57,243,CAM_01 / FULL_FRAME,8.0,0.087,27.219,38.54,NORMAL,NO
2026-08-13T08:27:57,244,CAM_01 / FULL_FRAME,8.0,0.087,9.499,43.91,NORMAL,NO
2026-08-13T08:27:57,245,CAM_01 / FULL_FRAME,8.0,0.087,30.058,34.83,NORMAL,NO
2026-08-13T08:27:57,246,CAM_01 / FULL_FRAME,9.0,0.133,79.668,41.27,NORMAL,NO
2026-08-13T08:27:57,247,CAM_01 / FULL_FRAME,9.0,0.135,54.149,41.08,NORMAL,NO
2026-08-13T08:27:57,248,CAM_01 / FULL_FRAME,10.0,0.141,48.229,44.0,NORMAL,NO
2026-08-13T08:27:57,249,CAM_01 / FULL_FRAME,9.0,0.146,52.701,41.87,NORMAL,NO
2026-08-13T08:27:57,250,CAM_01 / FULL_FRAME,9.0,0.148,20.756,45.47,CONGESTION_WARNING,NO
2026-08-13T08:27:57,251,CAM_01 / FULL_FRAME,9.0,0.149,28.418,45.95,CONGESTION_WARNING,NO
2026-08-13T08:27:57,252,CAM_01 / FULL_FRAME,9.0,0.151,42.733,42.0,NORMAL,NO
2026-08-13T08:27:57,253,CAM_01 / FULL_FRAME,9.0,0.154,42.047,43.13,NORMAL,NO
2026-08-13T08:27:57,254,CAM_01 / FULL_FRAME,9.0,0.156,41.328,39.19,NORMAL,NO
2026-08-13T08:27:57,255,CAM_01 / FULL_FRAME,9.0,0.156,44.696,39.3,NORMAL,NO
2026-08-13T08:27:57,256,CAM_01 / FULL_FRAME,9.0,0.156,18.209,43.28,NORMAL,NO
2026-08-13T08:27:57,257,CAM_01 / FULL_FRAME,9.0,0.157,27.257,42.38,NORMAL,NO
2026-08-13T08:27:57,258,CAM_01 / FULL_FRAME,8.0,0.153,44.99,37.96,NORMAL,NO
2026-08-13T08:27:57,259,CAM_01 / FULL_FRAME,8.0,0.155,31.864,40.59,NORMAL,NO
2026-08-13T08:27:57,260,CAM_01 / FULL_FRAME,9.0,0.159,38.809,37.78,NORMAL,NO
2026-08-13T08:27:57,261,CAM_01 / FULL_FRAME,9.0,0.153,43.757,39.99,NORMAL,NO
2026-08-13T08:27:58,262,CAM_01 / FULL_FRAME,9.0,0.151,17.113,43.94,NORMAL,NO
2026-08-13T08:27:58,263,CAM_01 / FULL_FRAME,9.0,0.152,31.016,40.61,NORMAL,NO
2026-08-13T08:27:58,264,CAM_01 / FULL_FRAME,9.0,0.157,67.433,40.88,NORMAL,NO
2026-08-13T08:27:58,265,CAM_01 / FULL_FRAME,9.0,0.16,67.132,40.02,NORMAL,NO
2026-08-13T08:27:58,266,CAM_01 / FULL_FRAME,9.0,0.162,47.074,40.61,NORMAL,NO
2026-08-13T08:27:58,267,CAM_01 / FULL_FRAME,9.0,0.166,50.747,40.39,NORMAL,NO
2026-08-13T08:27:58,268,CAM_01 / FULL_FRAME,9.0,0.169,18.534,45.27,CONGESTION_WARNING,NO
2026-08-13T08:27:58,269,CAM_01 / FULL_FRAME,9.0,0.171,24.414,41.98,NORMAL,NO
2026-08-13T08:27:58,270,CAM_01 / FULL_FRAME,9.0,0.172,78.354,42.25,NORMAL,NO
2026-08-13T08:27:58,271,CAM_01 / FULL_FRAME,9.0,0.183,80.579,44.65,NORMAL,NO
2026-08-13T08:27:58,272,CAM_01 / FULL_FRAME,9.0,0.188,23.699,44.38,NORMAL,NO
2026-08-13T08:27:58,273,CAM_01 / FULL_FRAME,8.0,0.171,31.637,45.09,CONGESTION_WARNING,NO
2026-08-13T08:27:58,274,CAM_01 / FULL_FRAME,9.0,0.214,10.641,51.34,CONGESTION_WARNING,NO
2026-08-13T08:27:58,275,CAM_01 / FULL_FRAME,9.0,0.215,27.152,44.52,NORMAL,NO
2026-08-13T08:27:58,276,CAM_01 / FULL_FRAME,9.0,0.213,69.423,45.16,CONGESTION_WARNING,NO
2026-08-13T08:27:58,277,CAM_01 / FULL_FRAME,9.0,0.196,65.723,44.15,NORMAL,NO
2026-08-13T08:27:58,278,CAM_01 / FULL_FRAME,9.0,0.193,35.274,47.01,CONGESTION_WARNING,NO
2026-08-13T08:27:58,279,CAM_01 / FULL_FRAME,9.0,0.194,46.792,41.99,NORMAL,NO
2026-08-13T08:27:58,280,CAM_01 / FULL_FRAME,10.0,0.202,20.739,45.83,CONGESTION_WARNING,NO
2026-08-13T08:27:58,281,CAM_01 / FULL_FRAME,10.0,0.205,25.933,48.82,CONGESTION_WARNING,NO
2026-08-13T08:27:58,282,CAM_01 / FULL_FRAME,9.0,0.196,60.066,42.13,NORMAL,NO
2026-08-13T08:27:58,283,CAM_01 / FULL_FRAME,8.0,0.161,49.961,38.52,NORMAL,NO
2026-08-13T08:27:58,284,CAM_01 / FULL_FRAME,8.0,0.161,56.432,39.88,NORMAL,NO
2026-08-13T08:27:58,285,CAM_01 / FULL_FRAME,8.0,0.171,61.538,40.85,NORMAL,NO
2026-08-13T08:27:58,286,CAM_01 / FULL_FRAME,9.0,0.176,20.216,48.91,CONGESTION_WARNING,NO
2026-08-13T08:27:58,287,CAM_01 / FULL_FRAME,9.0,0.178,25.995,46.48,CONGESTION_WARNING,NO
2026-08-13T08:27:58,288,CAM_01 / FULL_FRAME,9.0,0.179,39.537,42.77,NORMAL,NO
2026-08-13T08:27:58,289,CAM_01 / FULL_FRAME,10.0,0.199,30.141,45.25,CONGESTION_WARNING,NO
2026-08-13T08:27:58,290,CAM_01 / FULL_FRAME,12.0,0.222,20.699,53.05,CONGESTION_WARNING,NO
2026-08-13T08:27:58,291,CAM_01 / FULL_FRAME,11.0,0.202,15.919,51.39,CONGESTION_WARNING,NO
2026-08-13T08:27:59,292,CAM_01 / FULL_FRAME,11.0,0.202,5.603,54.32,CONGESTION_WARNING,NO
2026-08-13T08:27:59,293,CAM_01 / FULL_FRAME,11.0,0.202,39.763,48.01,CONGESTION_WARNING,YES
2026-08-13T08:27:59,294,CAM_01 / FULL_FRAME,11.0,0.202,67.647,47.69,CONGESTION_WARNING,YES
2026-08-13T08:27:59,295,CAM_01 / FULL_FRAME,10.0,0.192,44.561,44.01,NORMAL,NO
2026-08-13T08:27:59,296,CAM_01 / FULL_FRAME,10.0,0.193,34.639,43.82,NORMAL,NO
2026-08-13T08:27:59,297,CAM_01 / FULL_FRAME,10.0,0.195,37.857,44.8,NORMAL,NO
2026-08-13T08:27:59,298,CAM_01 / FULL_FRAME,10.0,0.195,16.26,47.77,CONGESTION_WARNING,NO
2026-08-13T08:27:59,299,CAM_01 / FULL_FRAME,10.0,0.196,25.995,43.35,NORMAL,NO
2026-08-13T08:27:59,300,CAM_01 / FULL_FRAME,10.0,0.194,60.82,46.16,CONGESTION_WARNING,NO
2026-08-13T08:27:59,301,CAM_01 / FULL_FRAME,10.0,0.198,57.554,45.91,CONGESTION_WARNING,NO
2026-08-13T08:27:59,302,CAM_01 / FULL_FRAME,12.0,0.213,19.673,53.28,CONGESTION_WARNING,NO
2026-08-13T08:27:59,303,CAM_01 / FULL_FRAME,12.0,0.215,8.902,57.52,CONGESTION_WARNING,NO
2026-08-13T08:27:59,304,CAM_01 / FULL_FRAME,12.0,0.216,36.458,52.48,CONGESTION_WARNING,YES
2026-08-13T08:27:59,305,CAM_01 / FULL_FRAME,10.0,0.192,38.823,42.99,NORMAL,NO
2026-08-13T08:27:59,306,CAM_01 / FULL_FRAME,9.0,0.19,25.254,42.16,NORMAL,NO
2026-08-13T08:27:59,307,CAM_01 / FULL_FRAME,9.0,0.193,11.695,47.48,CONGESTION_WARNING,NO
2026-08-13T08:27:59,308,CAM_01 / FULL_FRAME,9.0,0.195,32.103,38.93,NORMAL,NO
2026-08-13T08:27:59,309,CAM_01 / FULL_FRAME,10.0,0.222,58.761,45.73,CONGESTION_WARNING,NO
2026-08-13T08:27:59,310,CAM_01 / FULL_FRAME,10.0,0.234,32.737,41.56,NORMAL,NO
2026-08-13T08:27:59,311,CAM_01 / FULL_FRAME,10.0,0.241,62.977,49.38,CONGESTION_WARNING,NO
2026-08-13T08:27:59,312,CAM_01 / FULL_FRAME,10.0,0.252,66.533,48.64,CONGESTION_WARNING,NO
2026-08-13T08:27:59,313,CAM_01 / FULL_FRAME,10.0,0.257,48.185,48.67,CONGESTION_WARNING,NO
2026-08-13T08:27:59,314,CAM_01 / FULL_FRAME,10.0,0.26,52.524,47.71,CONGESTION_WARNING,NO
2026-08-13T08:27:59,315,CAM_01 / FULL_FRAME,10.0,0.257,53.465,45.96,CONGESTION_WARNING,YES
2026-08-13T08:27:59,316,CAM_01 / FULL_FRAME,9.0,0.26,40.947,44.6,NORMAL,NO
2026-08-13T08:27:59,317,CAM_01 / FULL_FRAME,9.0,0.263,22.581,45.38,CONGESTION_WARNING,NO
2026-08-13T08:27:59,318,CAM_01 / FULL_FRAME,9.0,0.258,30.935,45.0,CONGESTION_WARNING,NO
2026-08-13T08:27:59,319,CAM_01 / FULL_FRAME,10.0,0.273,26.277,48.04,CONGESTION_WARNING,NO
2026-08-13T08:27:59,320,CAM_01 / FULL_FRAME,10.0,0.275,13.1,49.58,CONGESTION_WARNING,NO
2026-08-13T08:27:59,321,CAM_01 / FULL_FRAME,9.0,0.264,26.133,47.03,CONGESTION_WARNING,YES
2026-08-13T08:28:00,322,CAM_01 / FULL_FRAME,9.0,0.265,19.233,45.23,CONGESTION_WARNING,YES
2026-08-13T08:28:00,323,CAM_01 / FULL_FRAME,9.0,0.266,23.787,45.6,CONGESTION_WARNING,YES
2026-08-13T08:28:00,324,CAM_01 / FULL_FRAME,9.0,0.271,56.761,45.21,CONGESTION_WARNING,YES
2026-08-13T08:28:00,325,CAM_01 / FULL_FRAME,9.0,0.275,55.587,45.68,CONGESTION_WARNING,YES
2026-08-13T08:28:00,326,CAM_01 / FULL_FRAME,9.0,0.276,31.961,44.04,NORMAL,NO
2026-08-13T08:28:00,327,CAM_01 / FULL_FRAME,9.0,0.281,39.29,42.68,NORMAL,NO
2026-08-13T08:28:00,328,CAM_01 / FULL_FRAME,9.0,0.281,15.958,44.33,NORMAL,NO
2026-08-13T08:28:00,329,CAM_01 / FULL_FRAME,9.0,0.28,21.878,45.85,CONGESTION_WARNING,NO
2026-08-13T08:28:00,330,CAM_01 / FULL_FRAME,9.0,0.28,83.808,45.85,CONGESTION_WARNING,NO
2026-08-13T08:28:00,331,CAM_01 / FULL_FRAME,9.0,0.268,107.125,45.09,CONGESTION_WARNING,NO
2026-08-13T08:28:00,332,CAM_01 / FULL_FRAME,9.0,0.262,54.774,44.0,NORMAL,NO
2026-08-13T08:28:00,333,CAM_01 / FULL_FRAME,10.0,0.273,47.32,45.6,CONGESTION_WARNING,NO
2026-08-13T08:28:00,334,CAM_01 / FULL_FRAME,11.0,0.278,17.064,51.12,CONGESTION_WARNING,NO
2026-08-13T08:28:00,335,CAM_01 / FULL_FRAME,11.0,0.278,20.528,49.46,CONGESTION_WARNING,NO
2026-08-13T08:28:00,336,CAM_01 / FULL_FRAME,11.0,0.267,53.293,49.84,CONGESTION_WARNING,NO
2026-08-13T08:28:00,337,CAM_01 / FULL_FRAME,10.0,0.263,54.026,49.24,CONGESTION_WARNING,YES
2026-08-13T08:28:00,338,CAM_01 / FULL_FRAME,10.0,0.264,34.21,50.54,CONGESTION_WARNING,YES
2026-08-13T08:28:00,339,CAM_01 / FULL_FRAME,10.0,0.25,31.721,47.1,CONGESTION_WARNING,YES
2026-08-13T08:28:00,340,CAM_01 / FULL_FRAME,11.0,0.259,13.581,51.43,CONGESTION_WARNING,YES
2026-08-13T08:28:00,341,CAM_01 / FULL_FRAME,11.0,0.261,44.232,48.89,CONGESTION_WARNING,YES
2026-08-13T08:28:00,342,CAM_01 / FULL_FRAME,11.0,0.248,72.812,48.45,CONGESTION_WARNING,YES
2026-08-13T08:28:00,343,CAM_01 / FULL_FRAME,11.0,0.261,63.668,48.01,CONGESTION_WARNING,YES
2026-08-13T08:28:00,344,CAM_01 / FULL_FRAME,12.0,0.285,58.653,52.15,CONGESTION_WARNING,YES
2026-08-13T08:28:00,345,CAM_01 / FULL_FRAME,12.0,0.289,60.747,53.12,CONGESTION_WARNING,YES
2026-08-13T08:28:00,346,CAM_01 / FULL_FRAME,12.0,0.292,23.402,61.5,CONGESTION_WARNING,YES
2026-08-13T08:28:00,347,CAM_01 / FULL_FRAME,12.0,0.295,57.593,51.63,CONGESTION_WARNING,YES
2026-08-13T08:28:00,348,CAM_01 / FULL_FRAME,11.0,0.282,95.351,48.53,CONGESTION_WARNING,YES
2026-08-13T08:28:00,349,CAM_01 / FULL_FRAME,10.0,0.282,70.299,45.94,CONGESTION_WARNING,YES
2026-08-13T08:28:00,350,CAM_01 / FULL_FRAME,11.0,0.343,71.73,50.94,CONGESTION_WARNING,YES
2026-08-13T08:28:00,351,CAM_01 / FULL_FRAME,11.0,0.367,69.672,51.66,CONGESTION_WARNING,YES
2026-08-13T08:28:01,352,CAM_01 / FULL_FRAME,11.0,0.375,24.537,56.47,CONGESTION_WARNING,YES
2026-08-13T08:28:01,353,CAM_01 / FULL_FRAME,11.0,0.378,44.671,53.53,CONGESTION_WARNING,YES
2026-08-13T08:28:01,354,CAM_01 / FULL_FRAME,12.0,0.382,82.806,54.57,CONGESTION_WARNING,YES
2026-08-13T08:28:01,355,CAM_01 / FULL_FRAME,13.0,0.394,68.993,56.24,CONGESTION_WARNING,YES
2026-08-13T08:28:01,356,CAM_01 / FULL_FRAME,13.0,0.394,49.339,56.64,CONGESTION_WARNING,YES
2026-08-13T08:28:01,357,CAM_01 / FULL_FRAME,13.0,0.384,51.574,56.31,CONGESTION_WARNING,YES
2026-08-13T08:28:01,358,CAM_01 / FULL_FRAME,13.0,0.381,25.168,58.64,CONGESTION_WARNING,YES
2026-08-13T08:28:01,359,CAM_01 / FULL_FRAME,13.0,0.382,38.272,57.11,CONGESTION_WARNING,YES
2026-08-13T08:28:01,360,CAM_01 / FULL_FRAME,12.0,0.372,66.625,53.79,CONGESTION_WARNING,YES
2026-08-13T08:28:01,361,CAM_01 / FULL_FRAME,12.0,0.385,43.419,53.88,CONGESTION_WARNING,YES
2026-08-13T08:28:01,362,CAM_01 / FULL_FRAME,12.0,0.392,40.355,51.54,CONGESTION_WARNING,YES
2026-08-13T08:28:01,363,CAM_01 / FULL_FRAME,12.0,0.396,43.486,53.69,CONGESTION_WARNING,YES
2026-08-13T08:28:01,364,CAM_01 / FULL_FRAME,12.0,0.401,19.779,55.99,CONGESTION_WARNING,YES
2026-08-13T08:28:01,365,CAM_01 / FULL_FRAME,12.0,0.404,30.471,50.38,CONGESTION_WARNING,YES
2026-08-13T08:28:01,366,CAM_01 / FULL_FRAME,12.0,0.404,53.301,50.69,CONGESTION_WARNING,YES
2026-08-13T08:28:01,367,CAM_01 / FULL_FRAME,11.0,0.393,44.959,47.54,CONGESTION_WARNING,YES
2026-08-13T08:28:01,368,CAM_01 / FULL_FRAME,11.0,0.393,47.177,48.29,CONGESTION_WARNING,YES
2026-08-13T08:28:01,369,CAM_01 / FULL_FRAME,11.0,0.39,52.23,51.02,CONGESTION_WARNING,YES
2026-08-13T08:28:01,370,CAM_01 / FULL_FRAME,11.0,0.391,22.312,53.23,CONGESTION_WARNING,YES
2026-08-13T08:28:01,371,CAM_01 / FULL_FRAME,11.0,0.393,30.085,57.88,CONGESTION_WARNING,YES
2026-08-13T08:28:01,372,CAM_01 / FULL_FRAME,11.0,0.399,50.244,52.64,CONGESTION_WARNING,YES
2026-08-13T08:28:01,373,CAM_01 / FULL_FRAME,10.0,0.397,45.768,49.55,CONGESTION_WARNING,YES
2026-08-13T08:28:01,374,CAM_01 / FULL_FRAME,10.0,0.399,38.477,50.3,CONGESTION_WARNING,YES
2026-08-13T08:28:01,375,CAM_01 / FULL_FRAME,10.0,0.396,37.837,50.17,CONGESTION_WARNING,YES
2026-08-13T08:28:01,376,CAM_01 / FULL_FRAME,10.0,0.395,13.697,53.63,CONGESTION_WARNING,YES
2026-08-13T08:28:01,377,CAM_01 / FULL_FRAME,10.0,0.394,30.693,50.98,CONGESTION_WARNING,YES
2026-08-13T08:28:01,378,CAM_01 / FULL_FRAME,10.0,0.379,47.595,47.57,CONGESTION_WARNING,YES
2026-08-13T08:28:01,379,CAM_01 / FULL_FRAME,10.0,0.377,38.697,39.19,NORMAL,NO
2026-08-13T08:28:01,380,CAM_01 / FULL_FRAME,9.0,0.364,34.566,39.06,NORMAL,NO
2026-08-13T08:28:01,381,CAM_01 / FULL_FRAME,9.0,0.363,31.29,43.88,NORMAL,NO
2026-08-13T08:28:02,382,CAM_01 / FULL_FRAME,9.0,0.362,38.152,46.46,CONGESTION_WARNING,NO
2026-08-13T08:28:02,383,CAM_01 / FULL_FRAME,9.0,0.358,40.335,41.53,NORMAL,NO
2026-08-13T08:28:02,384,CAM_01 / FULL_FRAME,9.0,0.353,92.083,46.31,CONGESTION_WARNING,NO
2026-08-13T08:28:02,385,CAM_01 / FULL_FRAME,1.0,0.038,538.504,2.95,NORMAL,NO
2026-08-13T08:28:02,386,CAM_01 / FULL_FRAME,8.0,0.063,25.564,47.96,CONGESTION_WARNING,NO
2026-08-13T08:28:02,387,CAM_01 / FULL_FRAME,8.0,0.063,9.528,50.67,CONGESTION_WARNING,NO
2026-08-13T08:28:02,388,CAM_01 / FULL_FRAME,8.0,0.062,21.766,36.56,NORMAL,NO
2026-08-13T08:28:02,389,CAM_01 / FULL_FRAME,7.0,0.059,24.44,34.77,NORMAL,NO
2026-08-13T08:28:02,390,CAM_01 / FULL_FRAME,8.0,0.062,23.143,37.77,NORMAL,NO
2026-08-13T08:28:02,391,CAM_01 / FULL_FRAME,8.0,0.062,25.042,38.67,NORMAL,NO
2026-08-13T08:28:02,392,CAM_01 / FULL_FRAME,8.0,0.06,47.66,36.97,NORMAL,NO
2026-08-13T08:28:02,393,CAM_01 / FULL_FRAME,8.0,0.063,41.525,33.44,NORMAL,NO
2026-08-13T08:28:02,394,CAM_01 / FULL_FRAME,8.0,0.063,32.328,40.83,NORMAL,NO
2026-08-13T08:28:02,395,CAM_01 / FULL_FRAME,8.0,0.064,30.109,42.5,NORMAL,NO
2026-08-13T08:28:02,396,CAM_01 / FULL_FRAME,8.0,0.065,38.842,37.69,NORMAL,NO
2026-08-13T08:28:02,397,CAM_01 / FULL_FRAME,8.0,0.066,43.854,34.44,NORMAL,NO
2026-08-13T08:28:02,398,CAM_01 / FULL_FRAME,8.0,0.067,36.081,30.03,NORMAL,NO
2026-08-13T08:28:02,399,CAM_01 / FULL_FRAME,8.0,0.07,38.93,29.16,NORMAL,NO
2026-08-13T08:28:02,400,CAM_01 / FULL_FRAME,9.0,0.074,35.034,35.95,NORMAL,NO
2026-08-13T08:28:02,401,CAM_01 / FULL_FRAME,9.0,0.08,34.125,38.28,NORMAL,NO
2026-08-13T08:28:02,402,CAM_01 / FULL_FRAME,9.0,0.082,31.95,35.79,NORMAL,NO
2026-08-13T08:28:02,403,CAM_01 / FULL_FRAME,9.0,0.082,32.819,38.23,NORMAL,NO
2026-08-13T08:28:02,404,CAM_01 / FULL_FRAME,9.0,0.083,33.409,34.75,NORMAL,NO
2026-08-13T08:28:02,405,CAM_01 / FULL_FRAME,9.0,0.085,32.035,36.98,NORMAL,NO
2026-08-13T08:28:02,406,CAM_01 / FULL_FRAME,9.0,0.088,44.88,33.26,NORMAL,NO
2026-08-13T08:28:02,407,CAM_01 / FULL_FRAME,9.0,0.086,34.135,39.54,NORMAL,NO
2026-08-13T08:28:02,408,CAM_01 / FULL_FRAME,10.0,0.095,32.966,39.15,NORMAL,NO
2026-08-13T08:28:02,409,CAM_01 / FULL_FRAME,10.0,0.099,45.568,40.52,NORMAL,NO
2026-08-13T08:28:02,410,CAM_01 / FULL_FRAME,9.0,0.091,54.355,38.32,NORMAL,NO
2026-08-13T08:28:02,411,CAM_01 / FULL_FRAME,7.0,0.091,49.572,35.44,NORMAL,NO
2026-08-13T08:28:03,412,CAM_01 / FULL_FRAME,7.0,0.095,50.911,36.38,NORMAL,NO
2026-08-13T08:28:03,413,CAM_01 / FULL_FRAME,8.0,0.102,50.479,38.6,NORMAL,NO
2026-08-13T08:28:03,414,CAM_01 / FULL_FRAME,9.0,0.106,36.545,42.24,NORMAL,NO
2026-08-13T08:28:03,415,CAM_01 / FULL_FRAME,9.0,0.107,43.797,39.31,NORMAL,NO
2026-08-13T08:28:03,416,CAM_01 / FULL_FRAME,9.0,0.105,45.725,37.77,NORMAL,NO
2026-08-13T08:28:03,417,CAM_01 / FULL_FRAME,9.0,0.104,25.398,40.48,NORMAL,NO
2026-08-13T08:28:03,418,CAM_01 / FULL_FRAME,9.0,0.104,38.478,32.52,NORMAL,NO
2026-08-13T08:28:03,419,CAM_01 / FULL_FRAME,9.0,0.101,58.67,39.28,NORMAL,NO
2026-08-13T08:28:03,420,CAM_01 / FULL_FRAME,9.0,0.096,70.398,38.77,NORMAL,NO
2026-08-13T08:28:03,421,CAM_01 / FULL_FRAME,8.0,0.09,27.783,37.32,NORMAL,NO
2026-08-13T08:28:03,422,CAM_01 / FULL_FRAME,8.0,0.089,38.605,31.41,NORMAL,NO
2026-08-13T08:28:03,423,CAM_01 / FULL_FRAME,8.0,0.085,49.986,31.42,NORMAL,NO
2026-08-13T08:28:03,424,CAM_01 / FULL_FRAME,8.0,0.083,29.755,38.4,NORMAL,NO
2026-08-13T08:28:03,425,CAM_01 / FULL_FRAME,9.0,0.084,42.482,38.41,NORMAL,NO
2026-08-13T08:28:03,426,CAM_01 / FULL_FRAME,9.0,0.081,28.336,42.4,NORMAL,NO
2026-08-13T08:28:03,427,CAM_01 / FULL_FRAME,9.0,0.079,40.784,38.76,NORMAL,NO
2026-08-13T08:28:03,428,CAM_01 / FULL_FRAME,8.0,0.072,82.886,38.09,NORMAL,NO
