frame_index,pedestrian_count,density_ped_per_m2,occupancy_ratio,mean_speed_m_s,velocity_variance,acceleration_m_s2,directional_entropy,inflow_rate_per_s,outflow_rate_per_s,net_flow_rate_per_s,egress_deficit_ratio,trajectory_convergence,temporal_density_change,temporal_speed_change
0,8.0,0.0,0.094,32.296,873.854,0.0,2.25,0.0,0.0,0.0,0.0,0.187,0.0,0.0
1,8.0,0.0,0.098,25.355,307.845,0.0,1.811,0.0,0.0,0.0,0.0,0.486,0.0,0.0
2,8.0,0.0,0.101,41.522,1454.379,0.0,2.156,0.0,0.0,0.0,0.0,0.633,0.0,0.0
3,7.0,0.0,0.101,54.291,2788.459,0.0,1.842,0.0,0.0,0.0,0.0,0.71,0.0,0.0
4,9.0,0.0,0.11,60.609,3062.558,0.0,1.837,0.0,0.0,0.0,0.0,0.833,0.0,0.0
5,9.0,0.0,0.11,42.046,1679.483,0.0,1.53,0.0,0.0,0.0,0.0,0.828,0.0,0.0
6,10.0,0.0,0.112,19.179,341.615,0.0,1.895,0.0,0.0,0.0,0.0,0.795,0.0,0.0
7,10.0,0.0,0.111,26.506,332.313,0.0,1.846,0.0,0.0,0.0,0.0,0.619,0.0,0.0
8,10.0,0.0,0.109,44.652,755.851,0.0,2.171,0.0,0.0,0.0,0.0,0.557,0.0,0.0
9,9.0,0.0,0.102,36.47,387.266,0.0,2.503,0.0,0.0,0.0,0.0,0.483,0.0,0.0
10,9.0,0.0,0.101,58.215,971.177,0.0,1.658,0.0,0.0,0.0,0.0,0.683,0.0,0.0
11,9.0,0.0,0.097,69.792,1653.734,0.0,1.447,0.0,0.0,0.0,0.0,0.698,0.0,0.0
12,10.0,0.0,0.097,43.172,761.971,0.0,2.446,0.0,0.0,0.0,0.0,0.435,0.0,0.0
13,10.0,0.0,0.095,22.828,522.389,0.0,2.446,0.0,0.0,0.0,0.0,0.463,0.0,0.0
14,9.0,0.0,0.088,33.089,590.893,0.0,2.113,0.0,0.0,0.0,0.0,0.378,0.0,0.0
15,9.0,0.0,0.086,27.826,305.133,0.0,2.059,0.0,0.0,0.0,0.0,0.436,0.0,0.0
16,9.0,0.0,0.084,24.973,223.244,0.0,2.059,0.0,0.0,0.0,0.0,0.559,0.0,0.0
17,10.0,0.0,0.088,62.802,5609.404,0.0,1.571,0.0,0.0,0.0,0.0,0.227,0.0,0.0
18,10.0,0.0,0.08,72.194,10660.413,0.0,2.046,0.0,0.0,0.0,0.0,0.186,0.0,0.0
19,10.0,0.0,0.077,38.534,1661.621,0.0,2.122,0.0,0.0,0.0,0.0,0.213,0.0,0.0
20,10.0,0.0,0.077,33.057,1100.637,0.0,2.171,0.0,0.0,0.0,0.0,0.242,0.0,0.0
21,9.0,0.0,0.035,14.986,31.779,0.0,2.419,0.0,0.0,0.0,0.0,0.381,0.0,0.0
22,9.0,0.0,0.035,15.04,167.224,0.0,1.436,0.0,0.0,0.0,0.0,0.445,0.0,0.0
23,9.0,0.0,0.035,15.475,100.742,0.0,2.281,0.0,0.0,0.0,0.0,0.378,0.0,0.0
24,9.0,0.0,0.034,15.689,301.812,0.0,2.419,0.0,0.0,0.0,0.0,0.555,0.0,0.0
25,9.0,0.0,0.033,19.839,237.807,0.0,2.059,0.0,0.0,0.0,0.0,0.765,0.0,0.0
26,9.0,0.0,0.035,31.633,352.052,0.0,2.059,0.0,0.0,0.0,0.0,0.703,0.0,0.0
27,8.0,0.0,0.031,22.095,191.32,0.0,1.549,0.0,0.0,0.0,0.0,0.615,0.0,0.0
28,8.0,0.0,0.031,18.452,35.199,0.0,1.549,0.0,0.0,0.0,0.0,0.683,0.0,0.0
29,8.0,0.0,0.031,26.38,62.068,0.0,1.75,0.0,0.0,0.0,0.0,0.702,0.0,0.0
30,9.0,0.0,0.036,25.413,323.044,0.0,2.197,0.0,0.0,0.0,0.0,0.493,0.0,0.0
31,9.0,0.0,0.036,14.98,77.389,0.0,1.352,0.0,0.0,0.0,0.0,0.917,0.0,0.0
32,9.0,0.0,0.036,19.918,90.11,0.0,1.891,0.0,0.0,0.0,0.0,0.802,0.0,0.0
33,8.0,0.0,0.032,15.079,63.704,0.0,2.156,0.0,0.0,0.0,0.0,0.426,0.0,0.0
34,8.0,0.0,0.032,37.502,1486.285,0.0,1.549,0.0,0.0,0.0,0.0,0.878,0.0,0.0
35,7.0,0.0,0.032,46.193,2074.62,0.0,1.149,0.0,0.0,0.0,0.0,0.946,0.0,0.0
36,8.0,0.0,0.037,14.749,177.97,0.0,1.549,0.0,0.0,0.0,0.0,0.531,0.0,0.0
37,8.0,0.0,0.038,16.491,234.712,0.0,2.75,0.0,0.0,0.0,0.0,0.17,0.0,0.0
38,9.0,0.0,0.039,29.88,602.088,0.0,2.197,0.0,0.0,0.0,0.0,0.414,0.0,0.0
39,9.0,0.0,0.038,19.231,279.166,0.0,1.753,0.0,0.0,0.0,0.0,0.617,0.0,0.0
40,10.0,0.0,0.045,16.474,356.88,0.0,2.646,0.0,0.0,0.0,0.0,0.538,0.0,0.0
41,10.0,0.0,0.045,19.099,423.306,0.0,1.971,0.0,0.0,0.0,0.0,0.549,0.0,0.0
42,10.0,0.0,0.045,13.856,65.263,0.0,2.171,0.0,0.0,0.0,0.0,0.396,0.0,0.0
43,10.0,0.0,0.045,19.909,203.158,0.0,2.522,0.0,0.0,0.0,0.0,0.499,0.0,0.0
44,10.0,0.0,0.045,31.719,399.044,0.0,0.922,0.0,0.0,0.0,0.0,0.806,0.0,0.0
45,10.0,0.0,0.046,25.563,243.181,0.0,1.0,0.0,0.0,0.0,0.0,0.896,0.0,0.0
46,10.0,0.0,0.047,13.273,135.709,0.0,1.295,0.0,0.0,0.0,0.0,0.847,0.0,0.0
47,9.0,0.0,0.04,33.443,597.207,0.0,2.503,0.0,0.0,0.0,0.0,0.551,0.0,0.0
48,10.0,0.0,0.046,35.31,780.288,0.0,2.446,0.0,0.0,0.0,0.0,0.464,0.0,0.0
49,10.0,0.0,0.046,27.51,591.989,0.0,1.846,0.0,0.0,0.0,0.0,0.796,0.0,0.0
50,10.0,0.0,0.047,35.241,587.265,0.0,2.046,0.0,0.0,0.0,0.0,0.739,0.0,0.0
51,10.0,0.0,0.048,22.012,230.049,0.0,2.246,0.0,0.0,0.0,0.0,0.599,0.0,0.0
52,10.0,0.0,0.048,18.543,136.221,0.0,2.046,0.0,0.0,0.0,0.0,0.797,0.0,0.0
53,8.0,0.0,0.042,31.527,184.225,0.0,1.406,0.0,0.0,0.0,0.0,0.87,0.0,0.0
54,8.0,0.0,0.043,21.046,251.741,0.0,1.406,0.0,0.0,0.0,0.0,0.926,0.0,0.0
55,8.0,0.0,0.043,14.165,52.878,0.0,1.406,0.0,0.0,0.0,0.0,0.825,0.0,0.0
56,7.0,0.0,0.042,14.036,51.455,0.0,1.842,0.0,0.0,0.0,0.0,0.652,0.0,0.0
57,8.0,0.0,0.049,21.843,248.688,0.0,1.906,0.0,0.0,0.0,0.0,0.684,0.0,0.0
58,7.0,0.0,0.039,25.012,331.96,0.0,1.95,0.0,0.0,0.0,0.0,0.622,0.0,0.0
59,7.0,0.0,0.039,24.886,268.541,0.0,1.842,0.0,0.0,0.0,0.0,0.595,0.0,0.0
60,7.0,0.0,0.04,29.533,502.469,0.0,1.842,0.0,0.0,0.0,0.0,0.58,0.0,0.0
61,7.0,0.0,0.04,9.979,62.47,0.0,2.236,0.0,0.0,0.0,0.0,0.577,0.0,0.0
62,7.0,0.0,0.04,15.026,233.412,0.0,1.842,0.0,0.0,0.0,0.0,0.586,0.0,0.0
63,8.0,0.0,0.044,26.187,1255.7,0.0,1.906,0.0,0.0,0.0,0.0,0.725,0.0,0.0
64,8.0,0.0,0.044,19.585,1065.74,0.0,1.906,0.0,0.0,0.0,0.0,0.836,0.0,0.0
65,8.0,0.0,0.044,31.114,850.778,0.0,2.156,0.0,0.0,0.0,0.0,0.4,0.0,0.0
66,8.0,0.0,0.045,38.203,1096.419,0.0,2.5,0.0,0.0,0.0,0.0,0.273,0.0,0.0
67,8.0,0.0,0.044,15.805,118.424,0.0,2.5,0.0,0.0,0.0,0.0,0.28,0.0,0.0
68,8.0,0.0,0.045,28.525,494.145,0.0,2.5,0.0,0.0,0.0,0.0,0.234,0.0,0.0
69,8.0,0.0,0.046,37.964,1685.208,0.0,2.406,0.0,0.0,0.0,0.0,0.409,0.0,0.0
70,9.0,0.0,0.052,34.274,694.755,0.0,2.503,0.0,0.0,0.0,0.0,0.335,0.0,0.0
71,10.0,0.0,0.055,24.064,571.527,0.0,2.446,0.0,0.0,0.0,0.0,0.629,0.0,0.0
72,10.0,0.0,0.055,25.052,766.301,0.0,2.322,0.0,0.0,0.0,0.0,0.667,0.0,0.0
73,10.0,0.0,0.055,9.186,113.404,0.0,2.171,0.0,0.0,0.0,0.0,0.645,0.0,0.0
74,10.0,0.0,0.055,19.307,445.788,0.0,2.322,0.0,0.0,0.0,0.0,0.499,0.0,0.0
75,10.0,0.0,0.054,33.194,1162.451,0.0,1.846,0.0,0.0,0.0,0.0,0.668,0.0,0.0
76,10.0,0.0,0.052,24.497,495.02,0.0,2.446,0.0,0.0,0.0,0.0,0.642,0.0,0.0
77,10.0,0.0,0.051,26.016,976.091,0.0,1.361,0.0,0.0,0.0,0.0,0.849,0.0,0.0
78,10.0,0.0,0.05,35.511,1608.076,0.0,2.122,0.0,0.0,0.0,0.0,0.708,0.0,0.0
79,10.0,0.0,0.051,21.891,493.688,0.0,2.446,0.0,0.0,0.0,0.0,0.597,0.0,0.0
80,10.0,0.0,0.052,27.057,423.801,0.0,2.246,0.0,0.0,0.0,0.0,0.617,0.0,0.0
81,10.0,0.0,0.053,32.711,582.825,0.0,2.246,0.0,0.0,0.0,0.0,0.614,0.0,0.0
82,10.0,0.0,0.054,12.922,95.179,0.0,2.171,0.0,0.0,0.0,0.0,0.607,0.0,0.0
83,10.0,0.0,0.054,20.592,307.261,0.0,2.046,0.0,0.0,0.0,0.0,0.577,0.0,0.0
84,9.0,0.0,0.05,30.579,778.871,0.0,1.891,0.0,0.0,0.0,0.0,0.439,0.0,0.0
85,9.0,0.0,0.051,15.78,224.858,0.0,1.658,0.0,0.0,0.0,0.0,0.483,0.0,0.0
86,9.0,0.0,0.052,19.808,145.937,0.0,2.113,0.0,0.0,0.0,0.0,0.539,0.0,0.0
87,9.0,0.0,0.052,23.261,195.132,0.0,2.059,0.0,0.0,0.0,0.0,0.539,0.0,0.0
88,9.0,0.0,0.053,8.611,30.044,0.0,2.113,0.0,0.0,0.0,0.0,0.471,0.0,0.0
89,9.0,0.0,0.053,22.706,330.959,0.0,2.197,0.0,0.0,0.0,0.0,0.478,0.0,0.0
90,9.0,0.0,0.053,43.996,767.802,0.0,2.419,0.0,0.0,0.0,0.0,0.393,0.0,0.0
91,9.0,0.0,0.052,32.371,349.716,0.0,2.419,0.0,0.0,0.0,0.0,0.28,0.0,0.0
92,9.0,0.0,0.079,26.887,625.108,0.0,2.503,0.0,0.0,0.0,0.0,0.379,0.0,0.0
93,8.0,0.0,0.079,29.147,931.016,0.0,2.156,0.0,0.0,0.0,0.0,0.386,0.0,0.0
94,8.0,0.0,0.079,15.027,265.26,0.0,2.25,0.0,0.0,0.0,0.0,0.305,0.0,0.0
95,8.0,0.0,0.079,35.465,1276.726,0.0,2.25,0.0,0.0,0.0,0.0,0.196,0.0,0.0
96,9.0,0.0,0.082,77.287,7219.93,0.0,1.837,0.0,0.0,0.0,0.0,0.306,0.0,0.0
97,8.0,0.0,0.074,56.393,4409.186,0.0,2.406,0.0,0.0,0.0,0.0,0.685,0.0,0.0
98,9.0,0.0,0.076,21.526,642.428,0.0,1.845,0.0,0.0,0.0,0.0,0.545,0.0,0.0
99,8.0,0.0,0.075,28.776,818.468,0.0,2.156,0.0,0.0,0.0,0.0,0.635,0.0,0.0
100,8.0,0.0,0.076,13.183,203.473,0.0,1.906,0.0,0.0,0.0,0.0,0.626,0.0,0.0
101,8.0,0.0,0.077,32.362,783.416,0.0,2.406,0.0,0.0,0.0,0.0,0.54,0.0,0.0
102,8.0,0.0,0.077,47.515,2756.775,0.0,2.156,0.0,0.0,0.0,0.0,0.68,0.0,0.0
103,8.0,0.0,0.079,28.114,1201.619,0.0,2.5,0.0,0.0,0.0,0.0,0.68,0.0,0.0
104,8.0,0.0,0.079,28.564,1434.661,0.0,2.0,0.0,0.0,0.0,0.0,0.791,0.0,0.0
105,8.0,0.0,0.079,31.899,1446.279,0.0,2.5,0.0,0.0,0.0,0.0,0.655,0.0,0.0
106,8.0,0.0,0.079,11.907,94.712,0.0,2.25,0.0,0.0,0.0,0.0,0.668,0.0,0.0
107,8.0,0.0,0.08,33.952,343.617,0.0,1.906,0.0,0.0,0.0,0.0,0.764,0.0,0.0
108,9.0,0.0,0.084,78.847,6188.812,0.0,1.753,0.0,0.0,0.0,0.0,0.469,0.0,0.0
109,8.0,0.0,0.083,76.468,9097.006,0.0,2.5,0.0,0.0,0.0,0.0,0.388,0.0,0.0
110,8.0,0.0,0.084,56.608,5746.212,0.0,1.549,0.0,0.0,0.0,0.0,0.449,0.0,0.0
111,7.0,0.0,0.085,55.066,5735.358,0.0,1.379,0.0,0.0,0.0,0.0,0.605,0.0,0.0
112,7.0,0.0,0.087,21.769,775.868,0.0,1.842,0.0,0.0,0.0,0.0,0.801,0.0,0.0
113,7.0,0.0,0.088,27.447,456.695,0.0,1.95,0.0,0.0,0.0,0.0,0.424,0.0,0.0
114,7.0,0.0,0.088,49.097,3636.177,0.0,2.236,0.0,0.0,0.0,0.0,0.639,0.0,0.0
115,7.0,0.0,0.086,59.166,5626.09,0.0,2.236,0.0,0.0,0.0,0.0,0.544,0.0,0.0
116,7.0,0.0,0.085,45.061,1978.378,0.0,2.522,0.0,0.0,0.0,0.0,0.598,0.0,0.0
117,7.0,0.0,0.084,42.857,1325.906,0.0,2.522,0.0,0.0,0.0,0.0,0.647,0.0,0.0
118,7.0,0.0,0.084,19.14,303.013,0.0,2.236,0.0,0.0,0.0,0.0,0.657,0.0,0.0
119,7.0,0.0,0.084,42.389,876.106,0.0,2.236,0.0,0.0,0.0,0.0,0.17,0.0,0.0
120,8.0,0.0,0.088,84.452,5663.818,0.0,1.906,0.0,0.0,0.0,0.0,0.396,0.0,0.0
121,8.0,0.0,0.09,69.089,4620.742,0.0,1.75,0.0,0.0,0.0,0.0,0.593,0.0,0.0
122,8.0,0.0,0.091,29.592,717.828,0.0,2.75,0.0,0.0,0.0,0.0,0.309,0.0,0.0
123,8.0,0.0,0.088,27.388,930.326,0.0,2.156,0.0,0.0,0.0,0.0,0.611,0.0,0.0
124,8.0,0.0,0.087,10.463,93.222,0.0,2.406,0.0,0.0,0.0,0.0,0.533,0.0,0.0
125,8.0,0.0,0.086,40.182,2312.606,0.0,2.156,0.0,0.0,0.0,0.0,0.519,0.0,0.0
126,7.0,0.0,0.087,86.462,4888.645,0.0,2.522,0.0,0.0,0.0,0.0,0.654,0.0,0.0
127,7.0,0.0,0.089,64.178,2469.004,0.0,2.236,0.0,0.0,0.0,0.0,0.632,0.0,0.0
128,8.0,0.0,0.094,45.933,1816.217,0.0,2.406,0.0,0.0,0.0,0.0,0.494,0.0,0.0
129,9.0,0.0,0.099,45.885,2348.643,0.0,2.642,0.0,0.0,0.0,0.0,0.461,0.0,0.0
130,9.0,0.0,0.099,18.703,360.573,0.0,2.948,0.0,0.0,0.0,0.0,0.375,0.0,0.0
131,9.0,0.0,0.099,21.099,283.043,0.0,2.503,0.0,0.0,0.0,0.0,0.623,0.0,0.0
132,8.0,0.0,0.091,39.069,894.016,0.0,2.5,0.0,0.0,0.0,0.0,0.556,0.0,0.0
133,8.0,0.0,0.09,36.545,718.928,0.0,2.156,0.0,0.0,0.0,0.0,0.324,0.0,0.0
134,8.0,0.0,0.089,45.798,2143.473,0.0,2.5,0.0,0.0,0.0,0.0,0.429,0.0,0.0
135,8.0,0.0,0.085,61.548,4006.92,0.0,2.156,0.0,0.0,0.0,0.0,0.362,0.0,0.0
136,8.0,0.0,0.084,22.015,633.861,0.0,1.906,0.0,0.0,0.0,0.0,0.298,0.0,0.0
137,8.0,0.0,0.083,51.103,2565.199,0.0,2.156,0.0,0.0,0.0,0.0,0.386,0.0,0.0
138,8.0,0.0,0.085,75.396,4605.793,0.0,2.5,0.0,0.0,0.0,0.0,0.421,0.0,0.0
139,9.0,0.0,0.104,45.957,2150.049,0.0,2.503,0.0,0.0,0.0,0.0,0.473,0.0,0.0
140,10.0,0.0,0.108,70.133,8736.814,0.0,2.171,0.0,0.0,0.0,0.0,0.777,0.0,0.0
141,9.0,0.0,0.109,87.499,13589.886,0.0,1.753,0.0,0.0,0.0,0.0,0.791,0.0,0.0
142,9.0,0.0,0.111,28.751,1339.435,0.0,1.753,0.0,0.0,0.0,0.0,0.793,0.0,0.0
143,9.0,0.0,0.112,47.289,3059.56,0.0,2.419,0.0,0.0,0.0,0.0,0.405,0.0,0.0
144,9.0,0.0,0.113,72.462,4883.71,0.0,2.059,0.0,0.0,0.0,0.0,0.646,0.0,0.0
145,9.0,0.0,0.116,58.672,1825.9,0.0,1.658,0.0,0.0,0.0,0.0,0.79,0.0,0.0
146,9.0,0.0,0.118,41.127,1932.979,0.0,1.753,0.0,0.0,0.0,0.0,0.791,0.0,0.0
147,8.0,0.0,0.117,42.049,2871.973,0.0,1.75,0.0,0.0,0.0,0.0,0.77,0.0,0.0
148,8.0,0.0,0.119,17.625,325.568,0.0,1.406,0.0,0.0,0.0,0.0,0.766,0.0,0.0
149,8.0,0.0,0.12,28.502,1107.167,0.0,2.25,0.0,0.0,0.0,0.0,0.838,0.0,0.0
150,8.0,0.0,0.122,49.934,3659.759,0.0,1.75,0.0,0.0,0.0,0.0,0.865,0.0,0.0
151,9.0,0.0,0.128,39.856,2157.682,0.0,2.059,0.0,0.0,0.0,0.0,0.676,0.0,0.0
152,9.0,0.0,0.128,20.356,863.284,0.0,2.197,0.0,0.0,0.0,0.0,0.697,0.0,0.0
153,9.0,0.0,0.129,23.91,634.021,0.0,2.503,0.0,0.0,0.0,0.0,0.531,0.0,0.0
154,9.0,0.0,0.13,7.693,49.702,0.0,2.725,0.0,0.0,0.0,0.0,0.505,0.0,0.0
155,9.0,0.0,0.13,25.219,624.172,0.0,2.503,0.0,0.0,0.0,0.0,0.741,0.0,0.0
156,9.0,0.0,0.132,52.583,3051.417,0.0,2.197,0.0,0.0,0.0,0.0,0.755,0.0,0.0
157,9.0,0.0,0.135,44.028,2063.473,0.0,2.197,0.0,0.0,0.0,0.0,0.69,0.0,0.0
158,9.0,0.0,0.137,57.595,3757.72,0.0,2.281,0.0,0.0,0.0,0.0,0.669,0.0,0.0
159,8.0,0.0,0.142,72.963,5468.24,0.0,2.75,0.0,0.0,0.0,0.0,0.654,0.0,0.0
160,9.0,0.0,0.147,24.823,777.811,0.0,2.642,0.0,0.0,0.0,0.0,0.636,0.0,0.0
161,9.0,0.0,0.149,51.9,3676.291,0.0,2.503,0.0,0.0,0.0,0.0,0.587,0.0,0.0
162,9.0,0.0,0.139,92.337,10367.729,0.0,2.113,0.0,0.0,0.0,0.0,0.58,0.0,0.0
163,8.0,0.0,0.133,62.56,4477.406,0.0,2.25,0.0,0.0,0.0,0.0,0.567,0.0,0.0
164,8.0,0.0,0.132,40.294,1711.225,0.0,1.906,0.0,0.0,0.0,0.0,0.652,0.0,0.0
165,9.0,0.0,0.135,37.111,1655.95,0.0,2.419,0.0,0.0,0.0,0.0,0.513,0.0,0.0
166,9.0,0.0,0.134,16.06,185.952,0.0,2.059,0.0,0.0,0.0,0.0,0.372,0.0,0.0
167,9.0,0.0,0.134,27.634,443.294,0.0,2.197,0.0,0.0,0.0,0.0,0.183,0.0,0.0
168,9.0,0.0,0.132,46.477,1130.473,0.0,2.197,0.0,0.0,0.0,0.0,0.178,0.0,0.0
169,9.0,0.0,0.129,31.766,324.928,0.0,2.419,0.0,0.0,0.0,0.0,0.146,0.0,0.0
170,9.0,0.0,0.129,45.248,2171.041,0.0,2.197,0.0,0.0,0.0,0.0,0.408,0.0,0.0
171,9.0,0.0,0.133,55.946,3489.175,0.0,1.975,0.0,0.0,0.0,0.0,0.478,0.0,0.0
172,9.0,0.0,0.135,23.615,765.981,0.0,2.197,0.0,0.0,0.0,0.0,0.649,0.0,0.0
173,9.0,0.0,0.138,40.442,857.055,0.0,2.725,0.0,0.0,0.0,0.0,0.436,0.0,0.0
174,9.0,0.0,0.141,75.527,3420.616,0.0,2.503,0.0,0.0,0.0,0.0,0.563,0.0,0.0
175,9.0,0.0,0.14,72.971,5257.868,0.0,2.197,0.0,0.0,0.0,0.0,0.65,0.0,0.0
176,9.0,0.0,0.141,51.68,792.348,0.0,2.503,0.0,0.0,0.0,0.0,0.168,0.0,0.0
177,9.0,0.0,0.141,66.978,2569.962,0.0,2.642,0.0,0.0,0.0,0.0,0.183,0.0,0.0
178,9.0,0.0,0.14,35.374,907.337,0.0,2.419,0.0,0.0,0.0,0.0,0.462,0.0,0.0
179,9.0,0.0,0.14,35.703,303.63,0.0,2.503,0.0,0.0,0.0,0.0,0.112,0.0,0.0
180,9.0,0.0,0.142,58.187,1385.942,0.0,2.503,0.0,0.0,0.0,0.0,0.219,0.0,0.0
181,9.0,0.0,0.142,32.072,306.801,0.0,2.197,0.0,0.0,0.0,0.0,0.568,0.0,0.0
182,9.0,0.0,0.143,36.302,1028.293,0.0,1.975,0.0,0.0,0.0,0.0,0.651,0.0,0.0
183,9.0,0.0,0.141,37.78,1576.85,0.0,2.197,0.0,0.0,0.0,0.0,0.556,0.0,0.0
184,9.0,0.0,0.142,17.312,310.871,0.0,2.197,0.0,0.0,0.0,0.0,0.151,0.0,0.0
185,9.0,0.0,0.143,40.884,3059.836,0.0,2.197,0.0,0.0,0.0,0.0,0.327,0.0,0.0
186,9.0,0.0,0.148,72.555,6404.094,0.0,2.197,0.0,0.0,0.0,0.0,0.127,0.0,0.0
187,9.0,0.0,0.149,47.353,1274.904,0.0,2.113,0.0,0.0,0.0,0.0,0.282,0.0,0.0
188,9.0,0.0,0.15,40.342,1287.466,0.0,1.891,0.0,0.0,0.0,0.0,0.684,0.0,0.0
189,10.0,0.0,0.15,55.638,5318.183,0.0,2.246,0.0,0.0,0.0,0.0,0.608,0.0,0.0
190,10.0,0.0,0.148,21.35,752.46,0.0,2.522,0.0,0.0,0.0,0.0,0.571,0.0,0.0
191,10.0,0.0,0.148,27.589,345.897,0.0,2.446,0.0,0.0,0.0,0.0,0.455,0.0,0.0
192,9.0,0.0,0.139,45.499,312.232,0.0,2.113,0.0,0.0,0.0,0.0,0.46,0.0,0.0
193,9.0,0.0,0.137,34.842,123.099,0.0,2.197,0.0,0.0,0.0,0.0,0.388,0.0,0.0
194,9.0,0.0,0.136,25.438,195.839,0.0,2.197,0.0,0.0,0.0,0.0,0.159,0.0,0.0
195,9.0,0.0,0.135,30.902,464.34,0.0,2.725,0.0,0.0,0.0,0.0,0.03,0.0,0.0
196,9.0,0.0,0.135,12.205,75.747,0.0,2.725,0.0,0.0,0.0,0.0,0.01,0.0,0.0
197,9.0,0.0,0.135,25.131,70.243,0.0,2.059,0.0,0.0,0.0,0.0,0.358,0.0,0.0
198,9.0,0.0,0.135,44.021,220.993,0.0,2.113,0.0,0.0,0.0,0.0,0.45,0.0,0.0
199,9.0,0.0,0.135,37.15,537.129,0.0,2.419,0.0,0.0,0.0,0.0,0.376,0.0,0.0
200,9.0,0.0,0.136,37.171,691.4,0.0,2.059,0.0,0.0,0.0,0.0,0.604,0.0,0.0
201,9.0,0.0,0.134,40.212,871.186,0.0,2.197,0.0,0.0,0.0,0.0,0.651,0.0,0.0
202,9.0,0.0,0.134,14.715,144.041,0.0,2.281,0.0,0.0,0.0,0.0,0.558,0.0,0.0
203,9.0,0.0,0.134,55.028,3351.906,0.0,1.753,0.0,0.0,0.0,0.0,0.76,0.0,0.0
204,10.0,0.0,0.135,118.984,19178.494,0.0,1.685,0.0,0.0,0.0,0.0,0.91,0.0,0.0
205,10.0,0.0,0.128,102.171,10783.962,0.0,1.357,0.0,0.0,0.0,0.0,0.916,0.0,0.0
206,10.0,0.0,0.125,50.724,2247.145,0.0,1.371,0.0,0.0,0.0,0.0,0.673,0.0,0.0
207,9.0,0.0,0.12,43.099,1536.713,0.0,2.059,0.0,0.0,0.0,0.0,0.428,0.0,0.0
208,10.0,0.0,0.177,13.634,201.744,0.0,2.246,0.0,0.0,0.0,0.0,0.444,0.0,0.0
209,10.0,0.0,0.176,42.165,1531.292,0.0,2.371,0.0,0.0,0.0,0.0,0.305,0.0,0.0
210,9.0,0.0,0.118,66.211,4992.254,0.0,2.197,0.0,0.0,0.0,0.0,0.461,0.0,0.0
211,8.0,0.0,0.124,41.589,366.656,0.0,1.811,0.0,0.0,0.0,0.0,0.126,0.0,0.0
212,9.0,0.0,0.168,28.476,656.112,0.0,1.753,0.0,0.0,0.0,0.0,0.705,0.0,0.0
213,8.0,0.0,0.11,34.54,1123.946,0.0,1.906,0.0,0.0,0.0,0.0,0.832,0.0,0.0
214,8.0,0.0,0.11,13.631,185.509,0.0,1.811,0.0,0.0,0.0,0.0,0.844,0.0,0.0
215,8.0,0.0,0.111,31.258,542.968,0.0,2.156,0.0,0.0,0.0,0.0,0.572,0.0,0.0
216,9.0,0.0,0.171,46.136,308.908,0.0,2.197,0.0,0.0,0.0,0.0,0.701,0.0,0.0
217,9.0,0.0,0.126,42.857,432.034,0.0,1.891,0.0,0.0,0.0,0.0,0.692,0.0,0.0
218,10.0,0.0,0.128,31.012,296.107,0.0,1.295,0.0,0.0,0.0,0.0,0.928,0.0,0.0
219,10.0,0.0,0.126,31.625,315.511,0.0,1.361,0.0,0.0,0.0,0.0,0.869,0.0,0.0
220,10.0,0.0,0.125,13.146,63.641,0.0,1.895,0.0,0.0,0.0,0.0,0.679,0.0,0.0
221,10.0,0.0,0.125,25.373,220.563,0.0,1.971,0.0,0.0,0.0,0.0,0.636,0.0,0.0
222,10.0,0.0,0.126,44.876,1354.187,0.0,1.971,0.0,0.0,0.0,0.0,0.688,0.0,0.0
223,10.0,0.0,0.129,35.194,1078.822,0.0,2.122,0.0,0.0,0.0,0.0,0.708,0.0,0.0
224,10.0,0.0,0.13,32.291,279.282,0.0,1.722,0.0,0.0,0.0,0.0,0.555,0.0,0.0
225,10.0,0.0,0.118,37.785,354.662,0.0,2.122,0.0,0.0,0.0,0.0,0.62,0.0,0.0
226,10.0,0.0,0.117,17.973,253.267,0.0,1.895,0.0,0.0,0.0,0.0,0.572,0.0,0.0
227,10.0,0.0,0.117,42.596,1288.281,0.0,1.485,0.0,0.0,0.0,0.0,0.836,0.0,0.0
228,10.0,0.0,0.117,59.764,1981.121,0.0,1.895,0.0,0.0,0.0,0.0,0.732,0.0,0.0
229,10.0,0.0,0.114,40.187,321.244,0.0,1.685,0.0,0.0,0.0,0.0,0.807,0.0,0.0
230,10.0,0.0,0.114,34.844,1360.058,0.0,1.722,0.0,0.0,0.0,0.0,0.592,0.0,0.0
231,9.0,0.0,0.094,39.586,2673.791,0.0,2.197,0.0,0.0,0.0,0.0,0.472,0.0,0.0
232,9.0,0.0,0.095,14.198,450.097,0.0,2.197,0.0,0.0,0.0,0.0,0.42,0.0,0.0
233,9.0,0.0,0.096,20.007,171.041,0.0,2.197,0.0,0.0,0.0,0.0,0.114,0.0,0.0
234,9.0,0.0,0.093,31.4,180.617,0.0,1.837,0.0,0.0,0.0,0.0,0.356,0.0,0.0
235,9.0,0.0,0.092,24.391,53.98,0.0,1.891,0.0,0.0,0.0,0.0,0.579,0.0,0.0
236,9.0,0.0,0.091,43.036,4659.907,0.0,2.419,0.0,0.0,0.0,0.0,0.596,0.0,0.0
237,9.0,0.0,0.087,52.42,8928.511,0.0,2.419,0.0,0.0,0.0,0.0,0.644,0.0,0.0
238,9.0,0.0,0.085,19.347,1270.513,0.0,2.419,0.0,0.0,0.0,0.0,0.668,0.0,0.0
239,9.0,0.0,0.084,23.565,400.562,0.0,2.059,0.0,0.0,0.0,0.0,0.403,0.0,0.0
240,8.0,0.0,0.084,39.683,1696.666,0.0,1.75,0.0,0.0,0.0,0.0,0.861,0.0,0.0
241,8.0,0.0,0.086,29.094,784.867,0.0,1.906,0.0,0.0,0.0,0.0,0.835,0.0,0.0
242,8.0,0.0,0.086,26.242,404.343,0.0,2.156,0.0,0.0,0.0,0.0,0.504,0.0,0.0
243,8.0,0.0,0.087,27.219,430.68,0.0,2.25,0.0,0.0,0.0,0.0,0.433,0.0,0.0
244,8.0,0.0,0.087,9.499,62.183,0.0,2.25,0.0,0.0,0.0,0.0,0.473,0.0,0.0
245,8.0,0.0,0.087,30.058,299.577,0.0,1.406,0.0,0.0,0.0,0.0,0.801,0.0,0.0
246,9.0,0.0,0.133,79.668,6480.925,0.0,1.837,0.0,0.0,0.0,0.0,0.765,0.0,0.0
247,9.0,0.0,0.135,54.149,2466.323,0.0,2.059,0.0,0.0,0.0,0.0,0.569,0.0,0.0
248,10.0,0.0,0.141,48.229,3067.886,0.0,2.522,0.0,0.0,0.0,0.0,0.413,0.0,0.0
249,9.0,0.0,0.146,52.701,3964.766,0.0,2.419,0.0,0.0,0.0,0.0,0.431,0.0,0.0
250,9.0,0.0,0.148,20.756,441.125,0.0,2.503,0.0,0.0,0.0,0.0,0.278,0.0,0.0
251,9.0,0.0,0.149,28.418,785.659,0.0,2.725,0.0,0.0,0.0,0.0,0.298,0.0,0.0
252,9.0,0.0,0.151,42.733,3034.925,0.0,2.197,0.0,0.0,0.0,0.0,0.581,0.0,0.0
253,9.0,0.0,0.154,42.047,2519.703,0.0,2.503,0.0,0.0,0.0,0.0,0.588,0.0,0.0
254,9.0,0.0,0.156,41.328,666.955,0.0,2.503,0.0,0.0,0.0,0.0,0.456,0.0,0.0
255,9.0,0.0,0.156,44.696,730.25,0.0,2.503,0.0,0.0,0.0,0.0,0.35,0.0,0.0
256,9.0,0.0,0.156,18.209,123.349,0.0,2.419,0.0,0.0,0.0,0.0,0.237,0.0,0.0
257,9.0,0.0,0.157,27.257,541.185,0.0,2.503,0.0,0.0,0.0,0.0,0.065,0.0,0.0
258,8.0,0.0,0.153,44.99,1757.883,0.0,2.25,0.0,0.0,0.0,0.0,0.126,0.0,0.0
259,8.0,0.0,0.155,31.864,1017.217,0.0,1.75,0.0,0.0,0.0,0.0,0.163,0.0,0.0
260,9.0,0.0,0.159,38.809,711.151,0.0,2.059,0.0,0.0,0.0,0.0,0.246,0.0,0.0
261,9.0,0.0,0.153,43.757,1194.801,0.0,2.059,0.0,0.0,0.0,0.0,0.261,0.0,0.0
262,9.0,0.0,0.151,17.113,261.451,0.0,2.059,0.0,0.0,0.0,0.0,0.249,0.0,0.0
263,9.0,0.0,0.152,31.016,534.276,0.0,2.059,0.0,0.0,0.0,0.0,0.423,0.0,0.0
264,9.0,0.0,0.157,67.433,2521.181,0.0,2.419,0.0,0.0,0.0,0.0,0.179,0.0,0.0
265,9.0,0.0,0.16,67.132,4223.563,0.0,2.281,0.0,0.0,0.0,0.0,0.084,0.0,0.0
266,9.0,0.0,0.162,47.074,1618.693,0.0,2.419,0.0,0.0,0.0,0.0,0.1,0.0,0.0
267,9.0,0.0,0.166,50.747,1821.438,0.0,2.197,0.0,0.0,0.0,0.0,0.183,0.0,0.0
268,9.0,0.0,0.169,18.534,356.628,0.0,2.197,0.0,0.0,0.0,0.0,0.285,0.0,0.0
269,9.0,0.0,0.171,24.414,314.303,0.0,1.891,0.0,0.0,0.0,0.0,0.493,0.0,0.0
270,9.0,0.0,0.172,78.354,5752.178,0.0,1.891,0.0,0.0,0.0,0.0,0.73,0.0,0.0
271,9.0,0.0,0.183,80.579,9659.823,0.0,2.503,0.0,0.0,0.0,0.0,0.747,0.0,0.0
272,9.0,0.0,0.188,23.699,256.242,0.0,2.419,0.0,0.0,0.0,0.0,0.581,0.0,0.0
273,8.0,0.0,0.171,31.637,846.788,0.0,2.75,0.0,0.0,0.0,0.0,0.599,0.0,0.0
274,9.0,0.0,0.214,10.641,122.575,0.0,2.725,0.0,0.0,0.0,0.0,0.601,0.0,0.0
275,9.0,0.0,0.215,27.152,415.335,0.0,2.642,0.0,0.0,0.0,0.0,0.353,0.0,0.0
276,9.0,0.0,0.213,69.423,2176.528,0.0,2.725,0.0,0.0,0.0,0.0,0.551,0.0,0.0
277,9.0,0.0,0.196,65.723,2737.422,0.0,2.419,0.0,0.0,0.0,0.0,0.637,0.0,0.0
278,9.0,0.0,0.193,35.274,2057.217,0.0,2.725,0.0,0.0,0.0,0.0,0.547,0.0,0.0
279,9.0,0.0,0.194,46.792,2055.669,0.0,2.503,0.0,0.0,0.0,0.0,0.159,0.0,0.0
280,10.0,0.0,0.202,20.739,253.674,0.0,2.371,0.0,0.0,0.0,0.0,0.142,0.0,0.0
281,10.0,0.0,0.205,25.933,613.292,0.0,2.722,0.0,0.0,0.0,0.0,0.291,0.0,0.0
282,9.0,0.0,0.196,60.066,2506.434,0.0,2.197,0.0,0.0,0.0,0.0,0.382,0.0,0.0
283,8.0,0.0,0.161,49.961,1566.044,0.0,1.811,0.0,0.0,0.0,0.0,0.491,0.0,0.0
284,8.0,0.0,0.161,56.432,2953.335,0.0,1.75,0.0,0.0,0.0,0.0,0.805,0.0,0.0
285,8.0,0.0,0.171,61.538,4236.532,0.0,1.906,0.0,0.0,0.0,0.0,0.844,0.0,0.0
286,9.0,0.0,0.176,20.216,598.178,0.0,1.975,0.0,0.0,0.0,0.0,0.81,0.0,0.0
287,9.0,0.0,0.178,25.995,698.812,0.0,2.197,0.0,0.0,0.0,0.0,0.543,0.0,0.0
288,9.0,0.0,0.179,39.537,1584.302,0.0,2.503,0.0,0.0,0.0,0.0,0.345,0.0,0.0
289,10.0,0.0,0.199,30.141,599.482,0.0,2.522,0.0,0.0,0.0,0.0,0.188,0.0,0.0
290,12.0,0.0,0.222,20.699,430.378,0.0,2.626,0.0,0.0,0.0,0.0,0.158,0.0,0.0
291,11.0,0.0,0.202,15.919,280.486,0.0,2.413,0.0,0.0,0.0,0.0,0.29,0.0,0.0
292,11.0,0.0,0.202,5.603,35.533,0.0,2.482,0.0,0.0,0.0,0.0,0.288,0.0,0.0
293,11.0,0.0,0.202,39.763,3433.56,0.0,2.55,0.0,0.0,0.0,0.0,0.468,0.0,0.0
294,11.0,0.0,0.202,67.647,6709.5,0.0,2.595,0.0,0.0,0.0,0.0,0.398,0.0,0.0
295,10.0,0.0,0.192,44.561,1424.077,0.0,2.246,0.0,0.0,0.0,0.0,0.345,0.0,0.0
296,10.0,0.0,0.193,34.639,644.127,0.0,2.161,0.0,0.0,0.0,0.0,0.533,0.0,0.0
297,10.0,0.0,0.195,37.857,812.971,0.0,2.446,0.0,0.0,0.0,0.0,0.515,0.0,0.0
298,10.0,0.0,0.195,16.26,113.716,0.0,2.246,0.0,0.0,0.0,0.0,0.48,0.0,0.0
299,10.0,0.0,0.196,25.995,176.313,0.0,1.961,0.0,0.0,0.0,0.0,0.63,0.0,0.0
300,10.0,0.0,0.194,60.82,1290.567,0.0,2.522,0.0,0.0,0.0,0.0,0.581,0.0,0.0
301,10.0,0.0,0.198,57.554,2000.231,0.0,2.446,0.0,0.0,0.0,0.0,0.562,0.0,0.0
302,12.0,0.0,0.213,19.673,327.721,0.0,2.252,0.0,0.0,0.0,0.0,0.602,0.0,0.0
303,12.0,0.0,0.215,8.902,76.197,0.0,2.355,0.0,0.0,0.0,0.0,0.796,0.0,0.0
304,12.0,0.0,0.216,36.458,1832.641,0.0,2.522,0.0,0.0,0.0,0.0,0.58,0.0,0.0
305,10.0,0.0,0.192,38.823,1176.333,0.0,1.846,0.0,0.0,0.0,0.0,0.29,0.0,0.0
306,9.0,0.0,0.19,25.254,210.408,0.0,1.837,0.0,0.0,0.0,0.0,0.762,0.0,0.0
307,9.0,0.0,0.193,11.695,48.001,0.0,1.753,0.0,0.0,0.0,0.0,0.835,0.0,0.0
308,9.0,0.0,0.195,32.103,377.122,0.0,1.88,0.0,0.0,0.0,0.0,0.413,0.0,0.0
309,10.0,0.0,0.222,58.761,2518.005,0.0,2.322,0.0,0.0,0.0,0.0,0.487,0.0,0.0
310,10.0,0.0,0.234,32.737,293.12,0.0,1.846,0.0,0.0,0.0,0.0,0.598,0.0,0.0
311,10.0,0.0,0.241,62.977,10126.547,0.0,2.922,0.0,0.0,0.0,0.0,0.722,0.0,0.0
312,10.0,0.0,0.252,66.533,7067.204,0.0,2.646,0.0,0.0,0.0,0.0,0.704,0.0,0.0
313,10.0,0.0,0.257,48.185,4088.514,0.0,2.522,0.0,0.0,0.0,0.0,0.768,0.0,0.0
314,10.0,0.0,0.26,52.524,2556.977,0.0,2.722,0.0,0.0,0.0,0.0,0.428,0.0,0.0
315,10.0,0.0,0.257,53.465,1203.736,0.0,2.446,0.0,0.0,0.0,0.0,0.277,0.0,0.0
316,9.0,0.0,0.26,40.947,1280.592,0.0,2.281,0.0,0.0,0.0,0.0,0.5,0.0,0.0
317,9.0,0.0,0.263,22.581,275.423,0.0,1.658,0.0,0.0,0.0,0.0,0.763,0.0,0.0
318,9.0,0.0,0.258,30.935,621.851,0.0,2.059,0.0,0.0,0.0,0.0,0.588,0.0,0.0
319,10.0,0.0,0.273,26.277,597.524,0.0,2.122,0.0,0.0,0.0,0.0,0.26,0.0,0.0
320,10.0,0.0,0.275,13.1,154.671,0.0,2.171,0.0,0.0,0.0,0.0,0.095,0.0,0.0
321,9.0,0.0,0.264,26.133,783.681,0.0,2.197,0.0,0.0,0.0,0.0,0.068,0.0,0.0
322,9.0,0.0,0.265,19.233,254.072,0.0,2.113,0.0,0.0,0.0,0.0,0.127,0.0,0.0
323,9.0,0.0,0.266,23.787,310.697,0.0,2.197,0.0,0.0,0.0,0.0,0.483,0.0,0.0
324,9.0,0.0,0.271,56.761,1602.667,0.0,2.197,0.0,0.0,0.0,0.0,0.622,0.0,0.0
325,9.0,0.0,0.275,55.587,2240.874,0.0,2.281,0.0,0.0,0.0,0.0,0.64,0.0,0.0
326,9.0,0.0,0.276,31.961,637.455,0.0,1.837,0.0,0.0,0.0,0.0,0.525,0.0,0.0
327,9.0,0.0,0.281,39.29,838.863,0.0,2.197,0.0,0.0,0.0,0.0,0.317,0.0,0.0
328,9.0,0.0,0.281,15.958,178.512,0.0,1.53,0.0,0.0,0.0,0.0,0.079,0.0,0.0
329,9.0,0.0,0.28,21.878,173.169,0.0,2.503,0.0,0.0,0.0,0.0,0.343,0.0,0.0
330,9.0,0.0,0.28,83.808,13071.214,0.0,2.197,0.0,0.0,0.0,0.0,0.705,0.0,0.0
331,9.0,0.0,0.268,107.125,32350.926,0.0,1.837,0.0,0.0,0.0,0.0,0.853,0.0,0.0
332,9.0,0.0,0.262,54.774,5884.806,0.0,1.658,0.0,0.0,0.0,0.0,0.785,0.0,0.0
333,10.0,0.0,0.273,47.32,1369.584,0.0,1.961,0.0,0.0,0.0,0.0,0.447,0.0,0.0
334,11.0,0.0,0.278,17.064,160.231,0.0,2.118,0.0,0.0,0.0,0.0,0.408,0.0,0.0
335,11.0,0.0,0.278,20.528,160.656,0.0,1.981,0.0,0.0,0.0,0.0,0.513,0.0,0.0
336,11.0,0.0,0.267,53.293,2687.241,0.0,2.595,0.0,0.0,0.0,0.0,0.503,0.0,0.0
337,10.0,0.0,0.263,54.026,4649.992,0.0,2.722,0.0,0.0,0.0,0.0,0.718,0.0,0.0
338,10.0,0.0,0.264,34.21,1326.189,0.0,2.246,0.0,0.0,0.0,0.0,0.711,0.0,0.0
339,10.0,0.0,0.25,31.721,669.156,0.0,2.171,0.0,0.0,0.0,0.0,0.556,0.0,0.0
340,11.0,0.0,0.259,13.581,95.432,0.0,2.118,0.0,0.0,0.0,0.0,0.347,0.0,0.0
341,11.0,0.0,0.261,44.232,1113.65,0.0,2.482,0.0,0.0,0.0,0.0,0.419,0.0,0.0
342,11.0,0.0,0.248,72.812,1442.733,0.0,2.118,0.0,0.0,0.0,0.0,0.638,0.0,0.0
343,11.0,0.0,0.261,63.668,1555.719,0.0,1.868,0.0,0.0,0.0,0.0,0.652,0.0,0.0
344,12.0,0.0,0.285,58.653,2897.99,0.0,2.23,0.0,0.0,0.0,0.0,0.718,0.0,0.0
345,12.0,0.0,0.289,60.747,3923.894,0.0,2.459,0.0,0.0,0.0,0.0,0.739,0.0,0.0
346,12.0,0.0,0.292,23.402,992.766,0.0,2.459,0.0,0.0,0.0,0.0,0.756,0.0,0.0
347,12.0,0.0,0.295,57.593,4493.188,0.0,1.888,0.0,0.0,0.0,0.0,0.792,0.0,0.0
348,11.0,0.0,0.282,95.351,11276.598,0.0,1.573,0.0,0.0,0.0,0.0,0.847,0.0,0.0
349,10.0,0.0,0.282,70.299,5057.209,0.0,1.361,0.0,0.0,0.0,0.0,0.871,0.0,0.0
350,11.0,0.0,0.343,71.73,4210.392,0.0,1.972,0.0,0.0,0.0,0.0,0.758,0.0,0.0
351,11.0,0.0,0.367,69.672,3535.507,0.0,1.972,0.0,0.0,0.0,0.0,0.782,0.0,0.0
352,11.0,0.0,0.375,24.537,630.3,0.0,2.118,0.0,0.0,0.0,0.0,0.8,0.0,0.0
353,11.0,0.0,0.378,44.671,5772.074,0.0,2.413,0.0,0.0,0.0,0.0,0.807,0.0,0.0
354,12.0,0.0,0.382,82.806,14752.847,0.0,2.126,0.0,0.0,0.0,0.0,0.787,0.0,0.0
355,13.0,0.0,0.394,68.993,4887.89,0.0,2.162,0.0,0.0,0.0,0.0,0.637,0.0,0.0
356,13.0,0.0,0.394,49.339,1916.161,0.0,2.412,0.0,0.0,0.0,0.0,0.55,0.0,0.0
357,13.0,0.0,0.384,51.574,1964.269,0.0,2.507,0.0,0.0,0.0,0.0,0.47,0.0,0.0
358,13.0,0.0,0.381,25.168,522.847,0.0,2.47,0.0,0.0,0.0,0.0,0.448,0.0,0.0
359,13.0,0.0,0.382,38.272,1895.768,0.0,2.412,0.0,0.0,0.0,0.0,0.531,0.0,0.0
360,12.0,0.0,0.372,66.625,4213.885,0.0,2.418,0.0,0.0,0.0,0.0,0.487,0.0,0.0
361,12.0,0.0,0.385,43.419,1883.896,0.0,2.451,0.0,0.0,0.0,0.0,0.416,0.0,0.0
362,12.0,0.0,0.392,40.355,745.648,0.0,2.126,0.0,0.0,0.0,0.0,0.64,0.0,0.0
363,12.0,0.0,0.396,43.486,933.49,0.0,2.085,0.0,0.0,0.0,0.0,0.701,0.0,0.0
364,12.0,0.0,0.401,19.779,190.062,0.0,2.085,0.0,0.0,0.0,0.0,0.601,0.0,0.0
365,12.0,0.0,0.404,30.471,207.906,0.0,1.825,0.0,0.0,0.0,0.0,0.67,0.0,0.0
366,12.0,0.0,0.404,53.301,720.932,0.0,1.626,0.0,0.0,0.0,0.0,0.793,0.0,0.0
367,11.0,0.0,0.393,44.959,539.692,0.0,2.005,0.0,0.0,0.0,0.0,0.726,0.0,0.0
368,11.0,0.0,0.393,47.177,700.673,0.0,1.868,0.0,0.0,0.0,0.0,0.647,0.0,0.0
369,11.0,0.0,0.39,52.23,1153.226,0.0,1.936,0.0,0.0,0.0,0.0,0.564,0.0,0.0
370,11.0,0.0,0.391,22.312,340.244,0.0,2.04,0.0,0.0,0.0,0.0,0.482,0.0,0.0
371,11.0,0.0,0.393,30.085,1053.752,0.0,2.732,0.0,0.0,0.0,0.0,0.398,0.0,0.0
372,11.0,0.0,0.399,50.244,3172.838,0.0,2.413,0.0,0.0,0.0,0.0,0.524,0.0,0.0
373,10.0,0.0,0.397,45.768,1822.459,0.0,1.846,0.0,0.0,0.0,0.0,0.694,0.0,0.0
374,10.0,0.0,0.399,38.477,1199.467,0.0,1.761,0.0,0.0,0.0,0.0,0.739,0.0,0.0
375,10.0,0.0,0.396,37.837,932.436,0.0,1.922,0.0,0.0,0.0,0.0,0.692,0.0,0.0
376,10.0,0.0,0.395,13.697,98.189,0.0,1.971,0.0,0.0,0.0,0.0,0.611,0.0,0.0
377,10.0,0.0,0.394,30.693,592.753,0.0,1.961,0.0,0.0,0.0,0.0,0.803,0.0,0.0
378,10.0,0.0,0.379,47.595,758.922,0.0,1.961,0.0,0.0,0.0,0.0,0.794,0.0,0.0
379,10.0,0.0,0.377,38.697,140.152,0.0,1.295,0.0,0.0,0.0,0.0,0.68,0.0,0.0
380,9.0,0.0,0.364,34.566,167.153,0.0,1.392,0.0,0.0,0.0,0.0,0.586,0.0,0.0
381,9.0,0.0,0.363,31.29,561.961,0.0,1.447,0.0,0.0,0.0,0.0,0.401,0.0,0.0
382,9.0,0.0,0.362,38.152,1384.986,0.0,2.059,0.0,0.0,0.0,0.0,0.325,0.0,0.0
383,9.0,0.0,0.358,40.335,451.323,0.0,2.113,0.0,0.0,0.0,0.0,0.604,0.0,0.0
384,9.0,0.0,0.353,92.083,14176.095,0.0,1.753,0.0,0.0,0.0,0.0,0.728,0.0,0.0
385,1.0,0.0,0.038,538.504,0.0,0.0,0.0,0.0,0.0,0.0,0.0,0.0,0.0,0.0
386,8.0,0.0,0.063,25.564,4290.627,0.0,2.5,0.0,0.0,0.0,0.0,0.966,0.0,0.0
387,8.0,0.0,0.063,9.528,567.519,0.0,2.25,0.0,0.0,0.0,0.0,0.937,0.0,0.0
388,8.0,0.0,0.062,21.766,103.214,0.0,2.0,0.0,0.0,0.0,0.0,0.438,0.0,0.0
389,7.0,0.0,0.059,24.44,184.293,0.0,2.522,0.0,0.0,0.0,0.0,0.253,0.0,0.0
390,8.0,0.0,0.062,23.143,217.206,0.0,2.0,0.0,0.0,0.0,0.0,0.591,0.0,0.0
391,8.0,0.0,0.062,25.042,443.054,0.0,1.906,0.0,0.0,0.0,0.0,0.572,0.0,0.0
392,8.0,0.0,0.06,47.66,1679.916,0.0,1.5,0.0,0.0,0.0,0.0,0.893,0.0,0.0
393,8.0,0.0,0.063,41.525,647.492,0.0,1.561,0.0,0.0,0.0,0.0,0.837,0.0,0.0
394,8.0,0.0,0.063,32.328,1132.751,0.0,1.549,0.0,0.0,0.0,0.0,0.851,0.0,0.0
395,8.0,0.0,0.064,30.109,1571.153,0.0,1.75,0.0,0.0,0.0,0.0,0.824,0.0,0.0
396,8.0,0.0,0.065,38.842,948.887,0.0,1.906,0.0,0.0,0.0,0.0,0.729,0.0,0.0
397,8.0,0.0,0.066,43.854,702.517,0.0,1.906,0.0,0.0,0.0,0.0,0.682,0.0,0.0
398,8.0,0.0,0.067,36.081,192.635,0.0,1.299,0.0,0.0,0.0,0.0,0.827,0.0,0.0
399,8.0,0.0,0.07,38.93,178.454,0.0,1.549,0.0,0.0,0.0,0.0,0.785,0.0,0.0
400,9.0,0.0,0.074,35.034,394.669,0.0,1.658,0.0,0.0,0.0,0.0,0.828,0.0,0.0
401,9.0,0.0,0.08,34.125,566.942,0.0,1.658,0.0,0.0,0.0,0.0,0.83,0.0,0.0
402,9.0,0.0,0.082,31.95,330.507,0.0,1.891,0.0,0.0,0.0,0.0,0.422,0.0,0.0
403,9.0,0.0,0.082,32.819,618.069,0.0,2.059,0.0,0.0,0.0,0.0,0.309,0.0,0.0
404,9.0,0.0,0.083,33.409,279.511,0.0,1.658,0.0,0.0,0.0,0.0,0.612,0.0,0.0
405,9.0,0.0,0.085,32.035,488.669,0.0,1.447,0.0,0.0,0.0,0.0,0.633,0.0,0.0
406,9.0,0.0,0.088,44.88,573.135,0.0,1.837,0.0,0.0,0.0,0.0,0.241,0.0,0.0
407,9.0,0.0,0.086,34.135,679.238,0.0,1.88,0.0,0.0,0.0,0.0,0.68,0.0,0.0
408,10.0,0.0,0.095,32.966,456.985,0.0,1.361,0.0,0.0,0.0,0.0,0.831,0.0,0.0
409,10.0,0.0,0.099,45.568,1374.569,0.0,1.357,0.0,0.0,0.0,0.0,0.705,0.0,0.0
410,9.0,0.0,0.091,54.355,1680.337,0.0,1.447,0.0,0.0,0.0,0.0,0.644,0.0,0.0
411,7.0,0.0,0.091,49.572,1285.289,0.0,1.664,0.0,0.0,0.0,0.0,0.724,0.0,0.0
412,7.0,0.0,0.095,50.911,2097.201,0.0,1.842,0.0,0.0,0.0,0.0,0.773,0.0,0.0
413,8.0,0.0,0.102,50.479,2547.358,0.0,1.75,0.0,0.0,0.0,0.0,0.844,0.0,0.0
414,9.0,0.0,0.106,36.545,1546.938,0.0,1.753,0.0,0.0,0.0,0.0,0.803,0.0,0.0
415,9.0,0.0,0.107,43.797,879.708,0.0,1.753,0.0,0.0,0.0,0.0,0.798,0.0,0.0
416,9.0,0.0,0.105,45.725,662.283,0.0,2.059,0.0,0.0,0.0,0.0,0.731,0.0,0.0
417,9.0,0.0,0.104,25.398,280.837,0.0,2.197,0.0,0.0,0.0,0.0,0.49,0.0,0.0
418,9.0,0.0,0.104,38.478,361.116,0.0,1.837,0.0,0.0,0.0,0.0,0.284,0.0,0.0
419,9.0,0.0,0.101,58.67,1809.013,0.0,1.837,0.0,0.0,0.0,0.0,0.527,0.0,0.0
420,9.0,0.0,0.096,70.398,1270.94,0.0,1.753,0.0,0.0,0.0,0.0,0.506,0.0,0.0
421,8.0,0.0,0.09,27.783,338.093,0.0,2.25,0.0,0.0,0.0,0.0,0.417,0.0,0.0
422,8.0,0.0,0.089,38.605,451.343,0.0,1.906,0.0,0.0,0.0,0.0,0.324,0.0,0.0
423,8.0,0.0,0.085,49.986,433.996,0.0,2.25,0.0,0.0,0.0,0.0,0.292,0.0,0.0
424,8.0,0.0,0.083,29.755,685.722,0.0,1.406,0.0,0.0,0.0,0.0,0.732,0.0,0.0
425,9.0,0.0,0.084,42.482,951.912,0.0,1.658,0.0,0.0,0.0,0.0,0.653,0.0,0.0
426,9.0,0.0,0.081,28.336,756.555,0.0,1.753,0.0,0.0,0.0,0.0,0.626,0.0,0.0
427,9.0,0.0,0.079,40.784,5899.27,0.0,1.837,0.0,0.0,0.0,0.0,0.532,0.0,0.0
428,8.0,0.0,0.072,82.886,22176.387,0.0,2.156,0.0,0.0,0.0,0.0,0.62,0.0,0.0
