frame_index,pedestrian_count,occupancy_ratio,congestion_score
355,13,0.3941,0.5476
356,13,0.394,0.5476
357,13,0.3836,0.5434
359,13,0.3825,0.543
358,13,0.3815,0.5426
366,12,0.4044,0.5218
365,12,0.4042,0.5217
364,12,0.4008,0.5203
363,12,0.3965,0.5186
362,12,0.3918,0.5167
361,12,0.3846,0.5138
354,12,0.3824,0.513
360,12,0.3715,0.5086
372,11,0.399,0.4896
367,11,0.3933,0.4873
371,11,0.3931,0.4872
368,11,0.3926,0.487
370,11,0.391,0.4864
369,11,0.3901,0.486
353,11,0.3781,0.4812
352,11,0.3751,0.48
347,12,0.2951,0.478
346,12,0.292,0.4768
351,11,0.367,0.4768
345,12,0.2889,0.4756
344,12,0.2854,0.4742
350,11,0.3434,0.4674
374,10,0.3988,0.4595
373,10,0.3972,0.4589
375,10,0.3963,0.4585
376,10,0.3951,0.458
377,10,0.3944,0.4578
378,10,0.3793,0.4517
379,10,0.3767,0.4507
290,12,0.2217,0.4487
304,12,0.2164,0.4466
303,12,0.2147,0.4459
302,12,0.2126,0.4451
348,11,0.2825,0.443
334,11,0.278,0.4412
335,11,0.2777,0.4411
336,11,0.2673,0.4369
343,11,0.2612,0.4345
341,11,0.2605,0.4342
340,11,0.2589,0.4336
342,11,0.2484,0.4294
380,9,0.3644,0.4158
381,9,0.3625,0.415
382,9,0.362,0.4148
383,9,0.358,0.4132
349,10,0.2822,0.4129
384,9,0.3528,0.4111
291,11,0.2025,0.411
292,11,0.2021,0.4108
293,11,0.2016,0.4106
294,11,0.2015,0.4106
320,10,0.2749,0.41
333,10,0.2735,0.4094
319,10,0.2732,0.4093
338,10,0.2642,0.4057
337,10,0.2626,0.405
314,10,0.2601,0.404
313,10,0.2572,0.4029
315,10,0.2567,0.4027
312,10,0.2519,0.4008
339,10,0.25,0.4
311,10,0.2414,0.3966
310,10,0.2343,0.3937
309,10,0.2223,0.3889
328,9,0.2815,0.3826
327,9,0.2812,0.3825
329,9,0.2802,0.3821
330,9,0.2802,0.3821
281,10,0.2045,0.3818
280,10,0.2024,0.381
326,9,0.2763,0.3805
325,9,0.2748,0.3799
289,10,0.199,0.3796
301,10,0.1985,0.3794
299,10,0.1962,0.3785
324,9,0.271,0.3784
298,10,0.1955,0.3782
297,10,0.1948,0.3779
300,10,0.1943,0.3777
296,10,0.1929,0.3771
331,9,0.2676,0.377
295,10,0.1918,0.3767
305,10,0.1916,0.3766
323,9,0.2663,0.3765
322,9,0.265,0.376
321,9,0.2643,0.3757
317,9,0.2628,0.3751
332,9,0.2622,0.3749
316,9,0.2596,0.3739
318,9,0.2581,0.3732
208,10,0.1769,0.3707
209,10,0.1764,0.3705
189,10,0.15,0.36
190,10,0.1484,0.3593
191,10,0.1481,0.3592
248,10,0.1415,0.3566
275,9,0.2148,0.3559
274,9,0.2136,0.3554
276,9,0.2132,0.3553
204,10,0.1351,0.354
224,10,0.13,0.352
223,10,0.1289,0.3516
218,10,0.1284,0.3514
205,10,0.1281,0.3512
222,10,0.126,0.3504
219,10,0.1256,0.3502
206,10,0.125,0.35
220,10,0.1249,0.35
221,10,0.1249,0.3499
282,9,0.1965,0.3486
277,9,0.1963,0.3485
308,9,0.1955,0.3482
279,9,0.1938,0.3475
307,9,0.1933,0.3473
225,10,0.1177,0.3471
278,9,0.1926,0.347
227,10,0.1172,0.3469
226,10,0.117,0.3468
228,10,0.1171,0.3468
306,9,0.1901,0.346
229,10,0.1144,0.3458
230,10,0.1137,0.3455
272,9,0.1882,0.3453
6,10,0.1116,0.3447
7,10,0.111,0.3444
8,10,0.1093,0.3437
271,9,0.183,0.3432
140,10,0.1076,0.343
288,9,0.1793,0.3417
287,9,0.1781,0.3412
286,9,0.1765,0.3406
409,10,0.0985,0.3394
270,9,0.1721,0.3388
12,10,0.0968,0.3387
216,9,0.1712,0.3385
269,9,0.1712,0.3385
408,10,0.0954,0.3381
13,10,0.0948,0.3379
268,9,0.1688,0.3375
212,9,0.1679,0.3372
267,9,0.1658,0.3363
17,10,0.0878,0.3351
266,9,0.1618,0.3347
265,9,0.1596,0.3338
260,9,0.1592,0.3337
257,9,0.1571,0.3328
264,9,0.1566,0.3327
254,9,0.1564,0.3326
256,9,0.1563,0.3325
255,9,0.1559,0.3323
18,10,0.0803,0.3321
253,9,0.1536,0.3314
261,9,0.1528,0.3311
19,10,0.0773,0.3309
20,10,0.0772,0.3309
263,9,0.1515,0.3306
262,9,0.1512,0.3305
252,9,0.1507,0.3303
188,9,0.1496,0.3299
161,9,0.1489,0.3296
187,9,0.1485,0.3294
251,9,0.1486,0.3294
250,9,0.148,0.3292
186,9,0.1476,0.329
160,9,0.1469,0.3288
249,9,0.1456,0.3282
185,9,0.1427,0.3271
182,9,0.1425,0.327
181,9,0.1423,0.3269
184,9,0.1421,0.3269
180,9,0.1421,0.3268
183,9,0.1415,0.3266
176,9,0.1413,0.3265
174,9,0.141,0.3264
177,9,0.1407,0.3263
175,9,0.1401,0.326
178,9,0.1397,0.3259
179,9,0.1398,0.3259
192,9,0.1395,0.3258
162,9,0.1388,0.3255
173,9,0.1375,0.325
158,9,0.1368,0.3247
193,9,0.1366,0.3246
200,9,0.1359,0.3244
194,9,0.1357,0.3243
199,9,0.1355,0.3242
247,9,0.1354,0.3242
157,9,0.1352,0.3241
165,9,0.1353,0.3241
195,9,0.1352,0.3241
172,9,0.1351,0.324
196,9,0.135,0.324
197,9,0.1348,0.3239
198,9,0.1347,0.3239
201,9,0.1344,0.3238
203,9,0.1345,0.3238
166,9,0.1342,0.3237
202,9,0.1342,0.3237
167,9,0.134,0.3236
171,9,0.133,0.3232
246,9,0.1328,0.3231
168,9,0.1319,0.3228
156,9,0.1316,0.3226
72,10,0.0552,0.3221
73,10,0.0552,0.3221
74,10,0.0551,0.322
155,9,0.13,0.322
71,10,0.0549,0.3219
154,9,0.1296,0.3218
169,9,0.1294,0.3218
83,10,0.054,0.3216
153,9,0.129,0.3216
75,10,0.0538,0.3215
82,10,0.0536,0.3215
170,9,0.1286,0.3215
81,10,0.0531,0.3212
152,9,0.128,0.3212
151,9,0.1276,0.3211
76,10,0.0521,0.3208
80,10,0.052,0.3208
77,10,0.0514,0.3205
79,10,0.0514,0.3205
217,9,0.1261,0.3205
78,10,0.0505,0.3202
52,10,0.0484,0.3194
51,10,0.0479,0.3192
50,10,0.0469,0.3188
46,10,0.0468,0.3187
45,10,0.046,0.3184
49,10,0.0459,0.3184
40,10,0.0455,0.3182
41,10,0.0454,0.3182
48,10,0.0456,0.3182
42,10,0.0451,0.3181
44,10,0.0452,0.3181
43,10,0.0451,0.318
207,9,0.1195,0.3178
146,9,0.1182,0.3173
210,9,0.1177,0.3171
145,9,0.116,0.3164
144,9,0.1134,0.3154
143,9,0.112,0.3148
142,9,0.111,0.3144
5,9,0.1104,0.3142
4,9,0.1098,0.3139
141,9,0.1093,0.3137
415,9,0.1068,0.3127
414,9,0.1062,0.3125
416,9,0.1049,0.312
418,9,0.1044,0.3118
417,9,0.1039,0.3116
139,9,0.1037,0.3115
9,9,0.1023,0.3109
419,9,0.1012,0.3105
10,9,0.1009,0.3104
130,9,0.0989,0.3096
131,9,0.099,0.3096
129,9,0.0987,0.3095
11,9,0.0972,0.3089
233,9,0.0959,0.3084
420,9,0.0961,0.3084
285,8,0.1707,0.3083
273,8,0.1706,0.3082
232,9,0.0953,0.3081
231,9,0.0939,0.3076
234,9,0.0934,0.3074
235,9,0.0917,0.3067
236,9,0.0909,0.3064
410,9,0.0905,0.3062
406,9,0.0882,0.3053
14,9,0.088,0.3052
237,9,0.0866,0.3046
283,8,0.161,0.3044
284,8,0.1611,0.3044
15,9,0.0856,0.3043
405,9,0.0854,0.3042
407,9,0.0856,0.3042
238,9,0.0851,0.304
239,9,0.0845,0.3038
425,9,0.0844,0.3038
16,9,0.0843,0.3037
108,9,0.0841,0.3036
404,9,0.083,0.3032
96,9,0.0825,0.303
402,9,0.0824,0.303
403,9,0.0825,0.303
426,9,0.0811,0.3024
259,8,0.155,0.302
401,9,0.08,0.302
92,9,0.0792,0.3017
427,9,0.0794,0.3017
258,8,0.1532,0.3013
98,9,0.0756,0.3003
400,9,0.0743,0.2997
159,8,0.1416,0.2966
163,8,0.1328,0.2931
164,8,0.1317,0.2927
88,9,0.0527,0.2911
89,9,0.0528,0.2911
90,9,0.0525,0.291
87,9,0.0524,0.2909
91,9,0.0523,0.2909
70,9,0.0518,0.2907
86,9,0.0517,0.2907
85,9,0.0511,0.2904
84,9,0.0497,0.2899
211,8,0.1245,0.2898
150,8,0.1219,0.2888
149,8,0.1199,0.288
148,8,0.1188,0.2875
147,8,0.1169,0.2868
47,9,0.0402,0.2861
38,9,0.0392,0.2857
39,9,0.0383,0.2853
32,9,0.0362,0.2845
31,9,0.0357,0.2843
30,9,0.0355,0.2842
214,8,0.1104,0.2842
215,8,0.1106,0.2842
21,9,0.0351,0.284
22,9,0.035,0.284
23,9,0.0347,0.2839
213,8,0.1096,0.2839
26,9,0.0345,0.2838
24,9,0.0337,0.2835
25,9,0.0333,0.2833
413,8,0.1019,0.2808
2,8,0.1013,0.2805
1,8,0.098,0.2792
0,8,0.0937,0.2775
128,8,0.0937,0.2775
122,8,0.0913,0.2765
132,8,0.0909,0.2764
121,8,0.0905,0.2762
133,8,0.09,0.276
421,8,0.0899,0.276
134,8,0.0891,0.2756
422,8,0.0886,0.2754
123,8,0.0883,0.2753
120,8,0.0881,0.2752
243,8,0.0869,0.2748
244,8,0.0871,0.2748
245,8,0.0871,0.2748
124,8,0.0869,0.2747
242,8,0.0864,0.2745
125,8,0.0859,0.2744
241,8,0.0858,0.2743
135,8,0.0854,0.2742
138,8,0.0854,0.2742
423,8,0.0846,0.2738
110,8,0.084,0.2736
136,8,0.0838,0.2735
240,8,0.0837,0.2735
109,8,0.0827,0.2731
137,8,0.0826,0.2731
424,8,0.0828,0.2731
107,8,0.0802,0.2721
94,8,0.0794,0.2718
104,8,0.0795,0.2718
106,8,0.0794,0.2718
95,8,0.0792,0.2717
103,8,0.0791,0.2716
93,8,0.0787,0.2715
105,8,0.0788,0.2715
102,8,0.0773,0.2709
101,8,0.0766,0.2706
100,8,0.076,0.2704
99,8,0.0748,0.2699
97,8,0.0738,0.2695
428,8,0.0717,0.2687
399,8,0.0698,0.2679
398,8,0.0671,0.2668
397,8,0.0662,0.2665
396,8,0.0648,0.2659
395,8,0.0644,0.2658
394,8,0.0634,0.2654
386,8,0.0632,0.2653
393,8,0.0626,0.2651
387,8,0.0626,0.265
388,8,0.0623,0.2649
390,8,0.0621,0.2648
391,8,0.0618,0.2647
392,8,0.0604,0.2641
57,8,0.0489,0.2596
69,8,0.0455,0.2582
66,8,0.0445,0.2578
67,8,0.0445,0.2578
68,8,0.0446,0.2578
64,8,0.0441,0.2577
65,8,0.0443,0.2577
63,8,0.0437,0.2575
55,8,0.0432,0.2573
54,8,0.0428,0.2571
53,8,0.042,0.2568
36,8,0.0374,0.255
37,8,0.0375,0.255
33,8,0.0321,0.2528
34,8,0.0321,0.2528
28,8,0.0313,0.2525
29,8,0.0313,0.2525
27,8,0.031,0.2524
3,7,0.1006,0.2502
412,7,0.0949,0.248
411,7,0.0912,0.2465
127,7,0.0893,0.2457
114,7,0.0885,0.2454
113,7,0.0882,0.2453
112,7,0.0871,0.2449
126,7,0.0866,0.2446
115,7,0.0856,0.2442
111,7,0.085,0.244
116,7,0.085,0.244
117,7,0.0839,0.2436
119,7,0.084,0.2436
118,7,0.0838,0.2435
389,7,0.0589,0.2336
56,7,0.0416,0.2266
61,7,0.0403,0.2261
62,7,0.0403,0.2261
60,7,0.04,0.226
58,7,0.0394,0.2258
59,7,0.0393,0.2257
35,7,0.0317,0.2227
385,1,0.0377,0.0451
